document,element_observed,LvS,element,expected,element_base,frequency_in_document,doc_total,observed,gap_val
1990,HIV_AIDS,-0.0033616386602331443,HIV_AIDS,0.02466588959080638,HIV_AIDS,336059.0,43518516.0,0.007722207255412845,-0.016943682335393534
1991,HIV_AIDS,-0.0024000926750690835,HIV_AIDS,0.02466588959080638,HIV_AIDS,430725.0,44059729.0,0.009775933937314957,-0.014889955653491422
1992,HIV_AIDS,-0.0015663752459713588,HIV_AIDS,0.02466588959080638,HIV_AIDS,540070.0,44459130.0,0.012147561142109619,-0.01251832844869676
1993,HIV_AIDS,-0.0009188617119143525,HIV_AIDS,0.02466588959080638,HIV_AIDS,664463.0,45185713.0,0.014705156915417048,-0.009960732675389331
1994,HIV_AIDS,-0.0004650889603030838,HIV_AIDS,0.02466588959080638,HIV_AIDS,800169.0,46182613.0,0.017326195899742616,-0.007339693691063763
1995,HIV_AIDS,-0.00015146559703321425,HIV_AIDS,0.02466588959080638,HIV_AIDS,938440.0,46177018.0,0.020322663537953013,-0.004343226052853366
1996,HIV_AIDS,-2.316264234167374e-05,HIV_AIDS,0.02466588959080638,HIV_AIDS,1061580.0,46320827.0,0.022917984603340522,-0.0017479049874658571
1997,HIV_AIDS,1.7486336420068224e-06,HIV_AIDS,0.02466588959080638,HIV_AIDS,1174154.0,46672370.0,0.02515736826734961,0.0004914786765432312
1998,HIV_AIDS,6.337257177253548e-05,HIV_AIDS,0.02466588959080638,HIV_AIDS,1303651.0,47066088.0,0.027698307962199874,0.0030324183713934943
1999,HIV_AIDS,0.00020266839383096744,HIV_AIDS,0.02466588959080638,HIV_AIDS,1439777.0,47652090.0,0.030214351563593537,0.0055484619727871574
2000,HIV_AIDS,0.00038412001561047987,HIV_AIDS,0.02466588959080638,HIV_AIDS,1559389.0,48050317.0,0.03245325103682459,0.007787361446018208
2001,HIV_AIDS,0.0005757810404576455,HIV_AIDS,0.02466588959080638,HIV_AIDS,1662064.0,48385692.0,0.034350319925154735,0.009684430334348355
2002,HIV_AIDS,0.0007327357113572734,HIV_AIDS,0.02466588959080638,HIV_AIDS,1746104.0,48897031.0,0.035709816409916585,0.011043926819110206
2003,HIV_AIDS,0.0008714754181114222,HIV_AIDS,0.02466588959080638,HIV_AIDS,1808445.0,49123952.0,0.036813915134515235,0.012148025543708856
2004,HIV_AIDS,0.0009436095835455224,HIV_AIDS,0.02466588959080638,HIV_AIDS,1842954.0,49330171.0,0.037359570474629004,0.012693680883822625
2005,HIV_AIDS,0.0008883310504816024,HIV_AIDS,0.02466588959080638,HIV_AIDS,1832074.0,49591909.0,0.03694300213367467,0.012277112542868292
2006,HIV_AIDS,0.0007399274815046565,HIV_AIDS,0.02466588959080638,HIV_AIDS,1767868.0,49424521.0,0.035769046704569984,0.011103157113763605
2007,HIV_AIDS,0.0005091426171806948,HIV_AIDS,0.02466588959080638,HIV_AIDS,1669306.0,49495216.0,0.0337266130932735,0.009060723502467123
2008,HIV_AIDS,0.0002697585375321136,HIV_AIDS,0.02466588959080638,HIV_AIDS,1559499.0,50115740.0,0.031117948173567826,0.006452058582761447
2009,HIV_AIDS,0.0001333614239436003,HIV_AIDS,0.02466588959080638,HIV_AIDS,1453258.0,49900666.0,0.02912301811763394,0.004457128526827562
2010,HIV_AIDS,4.0096426856926206e-05,HIV_AIDS,0.02466588959080638,HIV_AIDS,1364619.0,50422775.0,0.027063544201999988,0.0023976546111936087
2011,HIV_AIDS,4.581920635944245e-06,HIV_AIDS,0.02466588959080638,HIV_AIDS,1283719.0,50413303.0,0.02546389392498246,0.0007980043341760806
2012,HIV_AIDS,-7.092388076875803e-06,HIV_AIDS,0.02466588959080638,HIV_AIDS,1198698.0,50597654.0,0.023690782185276812,-0.0009751074055295676
2013,HIV_AIDS,-5.031654569383258e-05,HIV_AIDS,0.02466588959080638,HIV_AIDS,1126196.0,50931550.0,0.022111952218222302,-0.0025539373725840774
2014,HIV_AIDS,-0.00011061859827163952,HIV_AIDS,0.02466588959080638,HIV_AIDS,1072970.0,51268375.0,0.02092849636837524,-0.003737393222431138
2015,HIV_AIDS,-0.0001877739560935982,HIV_AIDS,0.02466588959080638,HIV_AIDS,1029667.0,51856393.0,0.019856124586220256,-0.004809765004586124
2016,HIV_AIDS,-0.00026268953205033584,HIV_AIDS,0.02466588959080638,HIV_AIDS,996098.0,52337435.0,0.019032228079194174,-0.005633661511612206
2017,HIV_AIDS,-0.0003846578931014895,HIV_AIDS,0.02466588959080638,HIV_AIDS,947006.0,52789758.0,0.017939199493962447,-0.006726690096843933
2018,HIV_AIDS,-0.0005621345723316891,HIV_AIDS,0.02466588959080638,HIV_AIDS,892341.0,53545244.0,0.016665177583278918,-0.008000712007527461
2019,HIV_AIDS,-0.0006937097624866249,HIV_AIDS,0.02466588959080638,HIV_AIDS,861694.0,54293423.0,0.015871056794485035,-0.008794832796321345
1990,Diarrheal_diseases,0.00139438910030218,Diarrheal_diseases,0.04574862455119696,Diarrheal_diseases,2894957.0,43518516.0,0.0665224200200209,0.020773795468823943
1991,Diarrheal_diseases,0.0013178003156540776,Diarrheal_diseases,0.04574862455119696,Diarrheal_diseases,2903085.0,44059729.0,0.06588976069280862,0.020141136141611664
1992,Diarrheal_diseases,0.0011666138879579731,Diarrheal_diseases,0.04574862455119696,Diarrheal_diseases,2871809.0,44459130.0,0.06459435890895751,0.018845734357760553
1993,Diarrheal_diseases,0.0008809537391513116,Diarrheal_diseases,0.04574862455119696,Diarrheal_diseases,2798615.0,45185713.0,0.061935837993748154,0.016187213442551196
1994,Diarrheal_diseases,0.0006354374388789384,Diarrheal_diseases,0.04574862455119696,Diarrheal_diseases,2740299.0,46182613.0,0.05933616185814345,0.013587537306946493
1995,Diarrheal_diseases,0.0005143238659748115,Diarrheal_diseases,0.04574862455119696,Diarrheal_diseases,2673263.0,46177018.0,0.057891633452814124,0.012143008901617167
1996,Diarrheal_diseases,0.0004056768444949221,Diarrheal_diseases,0.04574862455119696,Diarrheal_diseases,2615313.0,46320827.0,0.056460844276377015,0.010712219725180057
1997,Diarrheal_diseases,0.00032338637531268994,Diarrheal_diseases,0.04574862455119696,Diarrheal_diseases,2579027.0,46672370.0,0.05525811095515398,0.009509486403957025
1998,Diarrheal_diseases,0.0002501524925032201,Diarrheal_diseases,0.04574862455119696,Diarrheal_diseases,2544585.0,47066088.0,0.05406408537714033,0.008315460825943373
1999,Diarrheal_diseases,0.00016268705532271506,Diarrheal_diseases,0.04574862455119696,Diarrheal_diseases,2496957.0,47652090.0,0.052399737346252806,0.006651112795055848
2000,Diarrheal_diseases,9.506897558300177e-05,Diarrheal_diseases,0.04574862455119696,Diarrheal_diseases,2440570.0,48050317.0,0.05079196459827726,0.005043340047080305
2001,Diarrheal_diseases,4.414212574901932e-05,Diarrheal_diseases,0.04574862455119696,Diarrheal_diseases,2378465.0,48385692.0,0.049156370441079976,0.003407745889883018
2002,Diarrheal_diseases,9.283561600457774e-06,Diarrheal_diseases,0.04574862455119696,Diarrheal_diseases,2312641.0,48897031.0,0.047296143604301864,0.0015475190531049066
2003,Diarrheal_diseases,-3.154394604848882e-08,Diarrheal_diseases,0.04574862455119696,Diarrheal_diseases,2242961.0,49123952.0,0.045659213248966615,-8.941130223034249e-05
2004,Diarrheal_diseases,-1.3476613901858715e-05,Diarrheal_diseases,0.04574862455119696,Diarrheal_diseases,2166496.0,49330171.0,0.04391827468021548,-0.0018303498709814764
2005,Diarrheal_diseases,-3.3752731252891096e-05,Diarrheal_diseases,0.04574862455119696,Diarrheal_diseases,2125961.0,49591909.0,0.04286910995904594,-0.0028795145921510154
2006,Diarrheal_diseases,-3.846594175366193e-05,Diarrheal_diseases,0.04574862455119696,Diarrheal_diseases,2109339.0,49424521.0,0.04267798569054417,-0.0030706388606527857
2007,Diarrheal_diseases,-5.934116098980707e-05,Diarrheal_diseases,0.04574862455119696,Diarrheal_diseases,2076357.0,49495216.0,0.041950660443627524,-0.0037979641075694334
2008,Diarrheal_diseases,-0.00010206845399530345,Diarrheal_diseases,0.04574862455119696,Diarrheal_diseases,2044769.0,50115740.0,0.04080093399798147,-0.004947690553215485
2009,Diarrheal_diseases,-0.00015862626678448451,Diarrheal_diseases,0.04574862455119696,Diarrheal_diseases,1977248.0,49900666.0,0.03962367957173157,-0.006124944979465391
2010,Diarrheal_diseases,-0.0002417157380202985,Diarrheal_diseases,0.04574862455119696,Diarrheal_diseases,1928704.0,50422775.0,0.03825065161526711,-0.007497972935929846
2011,Diarrheal_diseases,-0.00027726867276272726,Diarrheal_diseases,0.04574862455119696,Diarrheal_diseases,1902762.0,50413303.0,0.037743252014255047,-0.008005372536941911
2012,Diarrheal_diseases,-0.0003966856837724431,Diarrheal_diseases,0.04574862455119696,Diarrheal_diseases,1834769.0,50597654.0,0.03626193815231038,-0.009486686398886578
2013,Diarrheal_diseases,-0.0005065642372872629,Diarrheal_diseases,0.04574862455119696,Diarrheal_diseases,1788081.0,50931550.0,0.03510753157914888,-0.010641092972048079
2014,Diarrheal_diseases,-0.0006663330045162388,Diarrheal_diseases,0.04574862455119696,Diarrheal_diseases,1725693.0,51268375.0,0.0336599901986361,-0.012088634352560856
2015,Diarrheal_diseases,-0.0008292942437265602,Diarrheal_diseases,0.04574862455119696,Diarrheal_diseases,1679043.0,51856393.0,0.0323787078673212,-0.013369916683875757
2016,Diarrheal_diseases,-0.000978296275317445,Diarrheal_diseases,0.04574862455119696,Diarrheal_diseases,1639826.0,52337435.0,0.03133179912236815,-0.014416825428828807
2017,Diarrheal_diseases,-0.0010411960277349483,Diarrheal_diseases,0.04574862455119696,Diarrheal_diseases,1632183.0,52789758.0,0.030918554315024518,-0.01483007023617244
2018,Diarrheal_diseases,-0.001280838657799886,Diarrheal_diseases,0.04574862455119696,Diarrheal_diseases,1577953.0,53545244.0,0.02946952674265524,-0.01627909780854172
2019,Diarrheal_diseases,-0.0015087213555670474,Diarrheal_diseases,0.04574862455119696,Diarrheal_diseases,1533219.0,54293423.0,0.028239497811733107,-0.01750912673946385
1990,Lower_respiratory_infections,0.0009448597403745101,Lower_respiratory_infections,0.057557502835119144,Lower_respiratory_infections,3318264.0,43518516.0,0.07624947505103345,0.01869197221591431
1991,Lower_respiratory_infections,0.0007871183760312841,Lower_respiratory_infections,0.057557502835119144,Lower_respiratory_infections,3282941.0,44059729.0,0.07451114826421197,0.016953645429092827
1992,Lower_respiratory_infections,0.0006846093426028073,Lower_respiratory_infections,0.057557502835119144,Lower_respiratory_infections,3258792.0,44459130.0,0.07329860030999256,0.01574109747487342
1993,Lower_respiratory_infections,0.0005381097002666287,Lower_respiratory_infections,0.057557502835119144,Lower_respiratory_infections,3226972.0,45185713.0,0.07141575922460269,0.013858256389483549
1994,Lower_respiratory_infections,0.00037457323251926123,Lower_respiratory_infections,0.057557502835119144,Lower_respiratory_infections,3187285.0,46182613.0,0.06901482599089835,0.011457323155779207
1995,Lower_respiratory_infections,0.00032459630610428116,Lower_respiratory_infections,0.057557502835119144,Lower_respiratory_infections,3148775.0,46177018.0,0.06818922347909083,0.010631720643971686
1996,Lower_respiratory_infections,0.00024464609180122054,Lower_respiratory_infections,0.057557502835119144,Lower_respiratory_infections,3091233.0,46320827.0,0.06673527223510063,0.009177769399981488
1997,Lower_respiratory_infections,0.00017606762221295067,Lower_respiratory_infections,0.057557502835119144,Lower_respiratory_infections,3047670.0,46672370.0,0.06529923378649938,0.007741730951380234
1998,Lower_respiratory_infections,0.00011352393531077016,Lower_respiratory_infections,0.057557502835119144,Lower_respiratory_infections,2999755.0,47066088.0,0.06373495498499897,0.006177452149879824
1999,Lower_respiratory_infections,5.7475642259351796e-05,Lower_respiratory_infections,0.057557502835119144,Lower_respiratory_infections,2950639.0,47652090.0,0.061920453016856135,0.004362950181736991
2000,Lower_respiratory_infections,2.242341321444035e-05,Lower_respiratory_infections,0.057557502835119144,Lower_respiratory_infections,2895698.0,48050317.0,0.0602638688106886,0.002706365975569454
2001,Lower_respiratory_infections,2.7478526075189213e-06,Lower_respiratory_infections,0.057557502835119144,Lower_respiratory_infections,2830457.0,48385692.0,0.05849780964174285,0.0009403068066237072
2002,Lower_respiratory_infections,-8.684895393268604e-07,Lower_respiratory_infections,0.057557502835119144,Lower_respiratory_infections,2788706.0,48897031.0,0.05703221530975981,-0.0005252875253593317
2003,Lower_respiratory_infections,-8.621816557362522e-06,Lower_respiratory_infections,0.057557502835119144,Lower_respiratory_infections,2746549.0,49123952.0,0.055910587161228396,-0.0016469156738907476
2004,Lower_respiratory_infections,-2.6728432485489863e-05,Lower_respiratory_infections,0.057557502835119144,Lower_respiratory_infections,2697064.0,49330171.0,0.05467372087560775,-0.002883781959511396
2005,Lower_respiratory_infections,-4.0992596823824414e-05,Lower_respiratory_infections,0.057557502835119144,Lower_respiratory_infections,2677818.0,49591909.0,0.05399707440179405,-0.0035604284333250955
2006,Lower_respiratory_infections,-5.255178105632559e-05,Lower_respiratory_infections,0.057557502835119144,Lower_respiratory_infections,2645926.0,49424521.0,0.05353468170182165,-0.004022821133297494
2007,Lower_respiratory_infections,-7.152957081054973e-05,Lower_respiratory_infections,0.057557502835119144,Lower_respiratory_infections,2617221.0,49495216.0,0.05287826201223165,-0.004679240822887495
2008,Lower_respiratory_infections,-0.00010390381251159818,Lower_respiratory_infections,0.057557502835119144,Lower_respiratory_infections,2603124.0,50115740.0,0.05194224409337266,-0.005615258741746482
2009,Lower_respiratory_infections,-0.00012016148174947942,Lower_respiratory_infections,0.057557502835119144,Lower_respiratory_infections,2571405.0,49900666.0,0.051530474563205225,-0.006027028271913919
2010,Lower_respiratory_infections,-0.00016707280260625174,Lower_respiratory_infections,0.057557502835119144,Lower_respiratory_infections,2545622.0,50422775.0,0.050485559352891625,-0.007071943482227519
2011,Lower_respiratory_infections,-0.00018422345376855947,Lower_respiratory_infections,0.057557502835119144,Lower_respiratory_infections,2527899.0,50413303.0,0.050143490895647125,-0.007414011939472019
2012,Lower_respiratory_infections,-0.0001956871298719352,Lower_respiratory_infections,0.057557502835119144,Lower_respiratory_infections,2526051.0,50597654.0,0.049924271192494415,-0.0076332316426247285
2013,Lower_respiratory_infections,-0.00020166524773847574,Lower_respiratory_infections,0.057557502835119144,Lower_respiratory_infections,2537037.0,50931550.0,0.04981267995967136,-0.007744822875447782
2014,Lower_respiratory_infections,-0.00022523396955268166,Lower_respiratory_infections,0.057557502835119144,Lower_respiratory_infections,2532104.0,51268375.0,0.049389199482136895,-0.00816830335298225
2015,Lower_respiratory_infections,-0.00025742421117420445,Lower_respiratory_infections,0.057557502835119144,Lower_respiratory_infections,2533068.0,51856393.0,0.0488477476634366,-0.008709755171682543
2016,Lower_respiratory_infections,-0.00030741443760094744,Lower_respiratory_infections,0.057557502835119144,Lower_respiratory_infections,2516135.0,52337435.0,0.048075244803265575,-0.009482258031853569
2017,Lower_respiratory_infections,-0.00037532350542926647,Lower_respiratory_infections,0.057557502835119144,Lower_respiratory_infections,2487918.0,52789758.0,0.047128801007195374,-0.01042870182792377
2018,Lower_respiratory_infections,-0.0004297829071348534,Lower_respiratory_infections,0.057557502835119144,Lower_respiratory_infections,2486438.0,53545244.0,0.04643620636036321,-0.011121296474755932
2019,Lower_respiratory_infections,-0.00047892282211999416,Lower_respiratory_infections,0.057557502835119144,Lower_respiratory_infections,2489462.0,54293423.0,0.04585199942173475,-0.011705503413384395
1990,Nutritional_deficiencies,0.0008186305721466051,Nutritional_deficiencies,0.009616494581960264,Nutritional_deficiencies,756808.0,43518516.0,0.017390482708555595,0.0077739881265953305
1991,Nutritional_deficiencies,0.0006704486457189884,Nutritional_deficiencies,0.009616494581960264,Nutritional_deficiencies,729145.0,44059729.0,0.016549012364556304,0.006932517782596039
1992,Nutritional_deficiencies,0.0005417579604631705,Nutritional_deficiencies,0.009616494581960264,Nutritional_deficiencies,700664.0,44459130.0,0.01575973259035883,0.006143238008398565
1993,Nutritional_deficiencies,0.00041688642930266264,Nutritional_deficiencies,0.009616494581960264,Nutritional_deficiencies,674219.0,45185713.0,0.014921065868762545,0.005304571286802281
1994,Nutritional_deficiencies,0.0003038438373935493,Nutritional_deficiencies,0.009616494581960264,Nutritional_deficiencies,649801.0,46182613.0,0.01407025193658921,0.004453757354628945
1995,Nutritional_deficiencies,0.0005261238194735559,Nutritional_deficiencies,0.009616494581960264,Nutritional_deficiencies,723095.0,46177018.0,0.015659196529321143,0.006042701947360878
1996,Nutritional_deficiencies,0.0003600798343437995,Nutritional_deficiencies,0.009616494581960264,Nutritional_deficiencies,671977.0,46320827.0,0.014507016465832962,0.004890521883872697
1997,Nutritional_deficiencies,0.0002802417508600678,Nutritional_deficiencies,0.009616494581960264,Nutritional_deficiencies,647682.0,46672370.0,0.013877204007424522,0.004260709425464257
1998,Nutritional_deficiencies,0.00020210801373007903,Nutritional_deficiencies,0.009616494581960264,Nutritional_deficiencies,620498.0,47066088.0,0.013183547355794686,0.0035670527738344213
1999,Nutritional_deficiencies,0.00013186352474224658,Nutritional_deficiencies,0.009616494581960264,Nutritional_deficiencies,593417.0,47652090.0,0.012453115907403013,0.0028366213254427484
2000,Nutritional_deficiencies,8.257308756030163e-05,Nutritional_deficiencies,0.009616494581960264,Nutritional_deficiencies,568454.0,48050317.0,0.011830390213658736,0.0022138956316984718
2001,Nutritional_deficiencies,4.419552844550298e-05,Nutritional_deficiencies,0.009616494581960264,Nutritional_deficiencies,542565.0,48385692.0,0.011213335545557559,0.0015968409635972944
2002,Nutritional_deficiencies,1.6877174855040164e-05,Nutritional_deficiencies,0.009616494581960264,Nutritional_deficiencies,517754.0,48897031.0,0.010588659258268667,0.0009721646763084027
2003,Nutritional_deficiencies,-2.510425978001382e-05,Nutritional_deficiencies,0.009616494581960264,Nutritional_deficiencies,417264.0,49123952.0,0.008494104871692734,-0.0011223897102675302
2004,Nutritional_deficiencies,-5.454910047574446e-05,Nutritional_deficiencies,0.009616494581960264,Nutritional_deficiencies,393952.0,49330171.0,0.00798602542853541,-0.0016304691534248551
2005,Nutritional_deficiencies,-8.566848969038547e-05,Nutritional_deficiencies,0.009616494581960264,Nutritional_deficiencies,376740.0,49591909.0,0.007596803744739893,-0.0020196908372203714
2006,Nutritional_deficiencies,-0.00011119879724763864,Nutritional_deficiencies,0.009616494581960264,Nutritional_deficiencies,362476.0,49424521.0,0.007333930459336166,-0.0022825641226240983
2007,Nutritional_deficiencies,-0.00014688114362540743,Nutritional_deficiencies,0.009616494581960264,Nutritional_deficiencies,347407.0,49495216.0,0.0070190015940126416,-0.002597492987947623
2008,Nutritional_deficiencies,-0.0001894692494041933,Nutritional_deficiencies,0.009616494581960264,Nutritional_deficiencies,335623.0,50115740.0,0.006696957881894989,-0.002919536700065275
2009,Nutritional_deficiencies,-0.00022334585464534886,Nutritional_deficiencies,0.009616494581960264,Nutritional_deficiencies,322879.0,49900666.0,0.006470434683176373,-0.0031460598987838916
2010,Nutritional_deficiencies,-0.000236235913231351,Nutritional_deficiencies,0.009616494581960264,Nutritional_deficiencies,322187.0,50422775.0,0.006389711791943224,-0.0032267827900170406
2011,Nutritional_deficiencies,-0.0002621826022087797,Nutritional_deficiencies,0.009616494581960264,Nutritional_deficiencies,314327.0,50413303.0,0.006235001106751526,-0.003381493475208739
2012,Nutritional_deficiencies,-0.00032580345241898655,Nutritional_deficiencies,0.009616494581960264,Nutritional_deficiencies,298117.0,50597654.0,0.005891913486739919,-0.0037245810952203457
2013,Nutritional_deficiencies,-0.0003604918302492579,Nutritional_deficiencies,0.009616494581960264,Nutritional_deficiencies,291451.0,50931550.0,0.005722405856487776,-0.003894088725472488
2014,Nutritional_deficiencies,-0.0003979345321829266,Nutritional_deficiencies,0.009616494581960264,Nutritional_deficiencies,284578.0,51268375.0,0.005550751315991583,-0.004065743265968681
2015,Nutritional_deficiencies,-0.0004384876044983095,Nutritional_deficiencies,0.009616494581960264,Nutritional_deficiencies,278793.0,51856393.0,0.005376251294608941,-0.004240243287351324
2016,Nutritional_deficiencies,-0.00047707108526580605,Nutritional_deficiencies,0.009616494581960264,Nutritional_deficiencies,273191.0,52337435.0,0.005219801085016872,-0.004396693496943393
2017,Nutritional_deficiencies,-0.0005169858298770336,Nutritional_deficiencies,0.009616494581960264,Nutritional_deficiencies,267463.0,52789758.0,0.005066569920627407,-0.004549924661332858
2018,Nutritional_deficiencies,-0.0005858179767940241,Nutritional_deficiencies,0.009616494581960264,Nutritional_deficiencies,258094.0,53545244.0,0.004820110633915498,-0.004796383948044766
2019,Nutritional_deficiencies,-0.00064550370235313,Nutritional_deficiencies,0.009616494581960264,Nutritional_deficiencies,250947.0,54293423.0,0.004622051551253271,-0.004994443030706994
1990,Neonatal_disorders,0.0007761928234513715,Neonatal_disorders,0.0528678872638754,Neonatal_disorders,3004581.0,43518516.0,0.06904143974027055,0.016173552476395146
1991,Neonatal_disorders,0.0006451043560446908,Neonatal_disorders,0.0528678872638754,Neonatal_disorders,2975087.0,44059729.0,0.06752395140696395,0.014656064143088544
1992,Neonatal_disorders,0.0005519764802137559,Neonatal_disorders,0.0528678872638754,Neonatal_disorders,2950376.0,44459130.0,0.06636153249062679,0.013493645226751387
1993,Neonatal_disorders,0.0004317004670526363,Neonatal_disorders,0.0528678872638754,Neonatal_disorders,2924485.0,45185713.0,0.06472145299555193,0.011853565731676528
1994,Neonatal_disorders,0.0003031535875509424,Neonatal_disorders,0.0528678872638754,Neonatal_disorders,2896505.0,46182613.0,0.06271851703150708,0.009850629767631673
1995,Neonatal_disorders,0.00027497823380395357,Neonatal_disorders,0.0528678872638754,Neonatal_disorders,2873608.0,46177018.0,0.06223026354798398,0.009362376284108576
1996,Neonatal_disorders,0.0002265732806888644,Neonatal_disorders,0.0528678872638754,Neonatal_disorders,2841042.0,46320827.0,0.06133400856595242,0.008466121302077016
1997,Neonatal_disorders,0.00017931082854783778,Neonatal_disorders,0.0528678872638754,Neonatal_disorders,2817527.0,46672370.0,0.060368200714898346,0.007500313451022943
1998,Neonatal_disorders,0.0001352667640512474,Neonatal_disorders,0.0528678872638754,Neonatal_disorders,2793540.0,47066088.0,0.0593535625905429,0.006485675326667495
1999,Neonatal_disorders,8.73800965244967e-05,Neonatal_disorders,0.0528678872638754,Neonatal_disorders,2766241.0,47652090.0,0.058050780144165766,0.005182892880290363
2000,Neonatal_disorders,5.6298923718798915e-05,Neonatal_disorders,0.0528678872638754,Neonatal_disorders,2739290.0,48050317.0,0.057008781024275035,0.004140893760399632
2001,Neonatal_disorders,3.275754748944854e-05,Neonatal_disorders,0.0528678872638754,Neonatal_disorders,2710195.0,48385692.0,0.056012322816422676,0.003144435552547273
2002,Neonatal_disorders,1.5778922208692587e-05,Neonatal_disorders,0.0528678872638754,Neonatal_disorders,2691320.0,48897031.0,0.05504056064262879,0.0021726733787533897
2003,Neonatal_disorders,7.665339286166886e-06,Neonatal_disorders,0.0528678872638754,Neonatal_disorders,2671242.0,49123952.0,0.0543775875361168,0.0015097002722413988
2004,Neonatal_disorders,2.2071587996499173e-06,Neonatal_disorders,0.0528678872638754,Neonatal_disorders,2647814.0,49330171.0,0.053675346067622594,0.0008074588037471908
2005,Neonatal_disorders,-2.2145965556076227e-09,Neonatal_disorders,0.0528678872638754,Neonatal_disorders,2620556.0,49591909.0,0.05284241024075117,-2.547702312423461e-05
2006,Neonatal_disorders,-9.420400972220977e-07,Neonatal_disorders,0.0528678872638754,Neonatal_disorders,2587061.0,49424521.0,0.052343673699943395,-0.0005242135639320078
2007,Neonatal_disorders,-6.431737277545757e-06,Neonatal_disorders,0.0528678872638754,Neonatal_disorders,2549184.0,49495216.0,0.05150364431180581,-0.0013642429520695915
2008,Neonatal_disorders,-2.492445407029759e-05,Neonatal_disorders,0.0528678872638754,Neonatal_disorders,2515772.0,50115740.0,0.05019923880202108,-0.0026686484618543213
2009,Neonatal_disorders,-3.759868084357901e-05,Neonatal_disorders,0.0528678872638754,Neonatal_disorders,2475066.0,49900666.0,0.04959985904797343,-0.003268028215901976
2010,Neonatal_disorders,-7.876160152901638e-05,Neonatal_disorders,0.0528678872638754,Neonatal_disorders,2428939.0,50422775.0,0.04817146616781801,-0.0046964210960573904
2011,Neonatal_disorders,-0.00011240958964280805,Neonatal_disorders,0.0528678872638754,Neonatal_disorders,2383664.0,50413303.0,0.047282440509799566,-0.005585446754075837
2012,Neonatal_disorders,-0.00015964679052376304,Neonatal_disorders,0.0528678872638754,Neonatal_disorders,2339979.0,50597654.0,0.04624678843805683,-0.006621098825818572
2013,Neonatal_disorders,-0.00021966118091660452,Neonatal_disorders,0.0528678872638754,Neonatal_disorders,2299343.0,50931550.0,0.0451457495403144,-0.007722137723561
2014,Neonatal_disorders,-0.0003185580136955608,Neonatal_disorders,0.0528678872638754,Neonatal_disorders,2237472.0,51268375.0,0.04364234286731343,-0.009225544396561973
2015,Neonatal_disorders,-0.00044131785324112195,Neonatal_disorders,0.0528678872638754,Neonatal_disorders,2183143.0,51856393.0,0.04209978507375166,-0.010768102190123745
2016,Neonatal_disorders,-0.0006337357005488185,Neonatal_disorders,0.0528678872638754,Neonatal_disorders,2099079.0,52337435.0,0.040106646418572096,-0.012761240845303307
2017,Neonatal_disorders,-0.0008598306384693128,Neonatal_disorders,0.0528678872638754,Neonatal_disorders,2014896.0,52789758.0,0.03816831287614541,-0.014699574387729994
2018,Neonatal_disorders,-0.0011204994379020684,Neonatal_disorders,0.0528678872638754,Neonatal_disorders,1942350.0,53545244.0,0.036274930412120265,-0.016592956851755138
2019,Neonatal_disorders,-0.0013877767750076668,Neonatal_disorders,0.0528678872638754,Neonatal_disorders,1878065.0,54293423.0,0.03459102219434571,-0.01827686506952969
1990,Protein_energy_malnutrition,0.0006958659121982613,Protein_energy_malnutrition,0.008391529879052553,Protein_energy_malnutrition,655975.0,43518516.0,0.01507346895744331,0.006681939078390757
1991,Protein_energy_malnutrition,0.0005649661775263548,Protein_energy_malnutrition,0.008391529879052553,Protein_energy_malnutrition,631013.0,44059729.0,0.014321763077571359,0.005930233198518806
1992,Protein_energy_malnutrition,0.0004539104642595276,Protein_energy_malnutrition,0.008391529879052553,Protein_energy_malnutrition,606015.0,44459130.0,0.013630833531830245,0.005239303652777692
1993,Protein_energy_malnutrition,0.0003500866702845387,Protein_energy_malnutrition,0.008391529879052553,Protein_energy_malnutrition,583919.0,45185713.0,0.012922646589642173,0.00453111671058962
1994,Protein_energy_malnutrition,0.0002571638087197929,Protein_energy_malnutrition,0.008391529879052553,Protein_energy_malnutrition,564046.0,46182613.0,0.012213384288151908,0.0038218544090993546
1995,Protein_energy_malnutrition,0.000493395976042939,Protein_energy_malnutrition,0.008391529879052553,Protein_energy_malnutrition,641084.0,46177018.0,0.013883183188658912,0.005491653309606359
1996,Protein_energy_malnutrition,0.00033590986200285225,Protein_energy_malnutrition,0.008391529879052553,Protein_energy_malnutrition,593826.0,46320827.0,0.012819848833873368,0.004428318954820815
1997,Protein_energy_malnutrition,0.00026335933035781913,Protein_energy_malnutrition,0.008391529879052553,Protein_energy_malnutrition,572372.0,46672370.0,0.012263615496706081,0.003872085617653528
1998,Protein_energy_malnutrition,0.0001947617141120526,Protein_energy_malnutrition,0.008391529879052553,Protein_energy_malnutrition,549543.0,47066088.0,0.011675986327990549,0.003284456448937996
1999,Protein_energy_malnutrition,0.0001332284387581277,Protein_energy_malnutrition,0.008391529879052553,Protein_energy_malnutrition,527431.0,47652090.0,0.011068370768207648,0.002676840889155095
2000,Protein_energy_malnutrition,8.720205404487457e-05,Protein_energy_malnutrition,0.008391529879052553,Protein_energy_malnutrition,505874.0,48050317.0,0.010528005465603901,0.002136475586551348
2001,Protein_energy_malnutrition,4.982734085736177e-05,Protein_energy_malnutrition,0.008391529879052553,Protein_energy_malnutrition,483074.0,48385692.0,0.009983819183571871,0.001592289304519318
2002,Protein_energy_malnutrition,2.266696583941893e-05,Protein_energy_malnutrition,0.008391529879052553,Protein_energy_malnutrition,462083.0,48897031.0,0.009450123873574245,0.0010585939945216925
2003,Protein_energy_malnutrition,-2.0403707197909284e-05,Protein_energy_malnutrition,0.008391529879052553,Protein_energy_malnutrition,365742.0,49123952.0,0.007445288603815914,-0.0009462412752366386
2004,Protein_energy_malnutrition,-4.513864927618269e-05,Protein_energy_malnutrition,0.008391529879052553,Protein_energy_malnutrition,345527.0,49330171.0,0.007004374665557109,-0.0013871552134954437
2005,Protein_energy_malnutrition,-7.277610953964632e-05,Protein_energy_malnutrition,0.008391529879052553,Protein_energy_malnutrition,329849.0,49591909.0,0.006651266439450839,-0.0017402634396017141
2006,Protein_energy_malnutrition,-9.723100430429827e-05,Protein_energy_malnutrition,0.008391529879052553,Protein_energy_malnutrition,316210.0,49424521.0,0.006397836409987666,-0.001993693469064887
2007,Protein_energy_malnutrition,-0.00013082388155435042,Protein_energy_malnutrition,0.008391529879052553,Protein_energy_malnutrition,302088.0,49495216.0,0.00610337774866969,-0.0022881521303828633
2008,Protein_energy_malnutrition,-0.0001715931802836882,Protein_energy_malnutrition,0.008391529879052553,Protein_energy_malnutrition,290690.0,50115740.0,0.005800373295894663,-0.00259115658315789
2009,Protein_energy_malnutrition,-0.00020261526987610883,Protein_energy_malnutrition,0.008391529879052553,Protein_energy_malnutrition,279325.0,49900666.0,0.005597620681054637,-0.0027939091979979156
2010,Protein_energy_malnutrition,-0.0002126543881682579,Protein_energy_malnutrition,0.008391529879052553,Protein_energy_malnutrition,279144.0,50422775.0,0.005536069762126341,-0.0028554601169262124
2011,Protein_energy_malnutrition,-0.00023842262828151662,Protein_energy_malnutrition,0.008391529879052553,Protein_energy_malnutrition,271516.0,50413303.0,0.0053858006486898905,-0.0030057292303626625
2012,Protein_energy_malnutrition,-0.000302682010926062,Protein_energy_malnutrition,0.008391529879052553,Protein_energy_malnutrition,255541.0,50597654.0,0.00505045154860342,-0.0033410783304491333
2013,Protein_energy_malnutrition,-0.00033527751835730297,Protein_energy_malnutrition,0.008391529879052553,Protein_energy_malnutrition,249435.0,50931550.0,0.0048974555064591595,-0.0034940743725933934
2014,Protein_energy_malnutrition,-0.0003713550979717751,Protein_energy_malnutrition,0.008391529879052553,Protein_energy_malnutrition,242956.0,51268375.0,0.004738905806942389,-0.0036526240721101643
2015,Protein_energy_malnutrition,-0.00040890089929674473,Protein_energy_malnutrition,0.008391529879052553,Protein_energy_malnutrition,237723.0,51856393.0,0.004584256371244332,-0.0038072735078082207
2016,Protein_energy_malnutrition,-0.0004452751461022071,Protein_energy_malnutrition,0.008391529879052553,Protein_energy_malnutrition,232544.0,52337435.0,0.004443167686761875,-0.003948362192290678
2017,Protein_energy_malnutrition,-0.00048412274081244136,Protein_energy_malnutrition,0.008391529879052553,Protein_energy_malnutrition,227038.0,52789758.0,0.004300796377964074,-0.004090733501088479
2018,Protein_energy_malnutrition,-0.0005502414553480892,Protein_energy_malnutrition,0.008391529879052553,Protein_energy_malnutrition,218222.0,53545244.0,0.004075469335801327,-0.004316060543251226
2019,Protein_energy_malnutrition,-0.0006064454276726579,Protein_energy_malnutrition,0.008391529879052553,Protein_energy_malnutrition,211654.0,54293423.0,0.0038983358997276706,-0.004493193979324883
1990,Neoplasms,-0.0006887669084989327,Neoplasms,0.15561816876720513,Neoplasms,5752596.0,43518516.0,0.1321873199904151,-0.023430848776790025
1991,Neoplasms,-0.0006292890965449187,Neoplasms,0.15561816876720513,Neoplasms,5867965.0,44059729.0,0.13318204930402544,-0.022436119463179693
1992,Neoplasms,-0.0005350789366147879,Neoplasms,0.15561816876720513,Neoplasms,5996098.0,44459130.0,0.13486764135960375,-0.020750527407601388
1993,Neoplasms,-0.0004524494272066101,Neoplasms,0.15561816876720513,Neoplasms,6167069.0,45185713.0,0.1364827196596411,-0.01913544910756404
1994,Neoplasms,-0.00045995661754325966,Neoplasms,0.15561816876720513,Neoplasms,6296066.0,46182613.0,0.1363297914736873,-0.019288377293517844
1995,Neoplasms,-0.0003526815921636832,Neoplasms,0.15561816876720513,Neoplasms,6402881.0,46177018.0,0.13865947342030618,-0.01695869534689895
1996,Neoplasms,-0.0002929590939963287,Neoplasms,0.15561816876720513,Neoplasms,6490603.0,46320827.0,0.1401227788959813,-0.015495389871223841
1997,Neoplasms,-0.00025584415551859526,Neoplasms,0.15561816876720513,Neoplasms,6586074.0,46672370.0,0.14111291112921842,-0.014505257637986713
1998,Neoplasms,-0.00021085703948887317,Neoplasms,0.15561816876720513,Neoplasms,6703169.0,47066088.0,0.1424203558196721,-0.013197812947533027
1999,Neoplasms,-0.00016514579121090518,Neoplasms,0.15561816876720513,Neoplasms,6857548.0,47652090.0,0.1439086512260008,-0.011709517541204334
2000,Neoplasms,-0.00011726910510823519,Neoplasms,0.15561816876720513,Neoplasms,7001927.0,48050317.0,0.14572072438148534,-0.009897444385719795
2001,Neoplasms,-8.785773101360446e-05,Neoplasms,0.15561816876720513,Neoplasms,7114269.0,48385692.0,0.1470324946473846,-0.00858567411982053
2002,Neoplasms,-6.264476749687177e-05,Neoplasms,0.15561816876720513,Neoplasms,7253993.0,48897031.0,0.14835242246098745,-0.00726574630621768
2003,Neoplasms,-3.2079759773460254e-05,Neoplasms,0.15561816876720513,Neoplasms,7388299.0,49123952.0,0.1504011525782779,-0.005217016188927226
2004,Neoplasms,-1.4275951102820207e-05,Neoplasms,0.15561816876720513,Neoplasms,7504504.0,49330171.0,0.15212807593957053,-0.0034900928276346
2005,Neoplasms,-1.926796893512246e-06,Neoplasms,0.15561816876720513,Neoplasms,7653588.0,49591909.0,0.15433138498459498,-0.001286783782610157
2006,Neoplasms,4.6614427241421113e-07,Neoplasms,0.15561816876720513,Neoplasms,7722732.0,49424521.0,0.15625304694404626,0.0006348781768411305
2007,Neoplasms,1.0311406041042847e-05,Neoplasms,0.15561816876720513,Neoplasms,7850705.0,49495216.0,0.15861543063070985,0.0029972618635047132
2008,Neoplasms,2.3692775493161728e-05,Neoplasms,0.15561816876720513,Neoplasms,8027173.0,50115740.0,0.16017269225197514,0.004554523484770007
2009,Neoplasms,7.338651883754274e-05,Neoplasms,0.15561816876720513,Neoplasms,8167640.0,49900666.0,0.16367797576088464,0.008059806993679502
2010,Neoplasms,0.0001029993851443642,Neoplasms,0.15561816876720513,Neoplasms,8329288.0,50422775.0,0.16518900437351972,0.009570835606314582
2011,Neoplasms,0.00017056135077000382,Neoplasms,0.15561816876720513,Neoplasms,8468793.0,50413303.0,0.167987267170334,0.012369098403128859
2012,Neoplasms,0.00023559967889131596,Neoplasms,0.15561816876720513,Neoplasms,8611952.0,50597654.0,0.17020457114474122,0.014586402377536084
2013,Neoplasms,0.0002935200703971276,Neoplasms,0.15561816876720513,Neoplasms,8757263.0,50931550.0,0.17194181209878748,0.016323643331582344
2014,Neoplasms,0.000369622306564581,Neoplasms,0.15561816876720513,Neoplasms,8920309.0,51268375.0,0.17399242710540366,0.01837425833819853
2015,Neoplasms,0.0004578363815399807,Neoplasms,0.15561816876720513,Neoplasms,9133616.0,51856393.0,0.17613288297934646,0.020514714212141322
2016,Neoplasms,0.0005607708311540643,Neoplasms,0.15561816876720513,Neoplasms,9336894.0,52337435.0,0.17839800517545423,0.0227798364082491
2017,Neoplasms,0.0006658605404643997,Neoplasms,0.15561816876720513,Neoplasms,9529491.0,52789758.0,0.18051780044151747,0.024899631674312334
2018,Neoplasms,0.000792132488337682,Neoplasms,0.15561816876720513,Neoplasms,9791758.0,53545244.0,0.18286886506670882,0.02725069629950369
2019,Neoplasms,0.0009364594979419973,Neoplasms,0.15561816876720513,Neoplasms,10063467.0,54293423.0,0.1853533346018725,0.02973516583466737
1990,Alzheimer_s_disease_and_other_dementias,-0.000559134331706913,Alzheimer_s_disease_and_other_dementias,0.019993008439900505,Alzheimer_s_disease_and_other_dementias,560616.0,43518516.0,0.012882240745525422,-0.007110767694375082
1991,Alzheimer_s_disease_and_other_dementias,-0.0004990762164016581,Alzheimer_s_disease_and_other_dementias,0.019993008439900505,Alzheimer_s_disease_and_other_dementias,583166.0,44059729.0,0.013235805422225815,-0.00675720301767469
1992,Alzheimer_s_disease_and_other_dementias,-0.00043722920414474573,Alzheimer_s_disease_and_other_dementias,0.019993008439900505,Alzheimer_s_disease_and_other_dementias,605894.0,44459130.0,0.01362811193111516,-0.006364896508785344
1993,Alzheimer_s_disease_and_other_dementias,-0.00039252450899022193,Alzheimer_s_disease_and_other_dementias,0.019993008439900505,Alzheimer_s_disease_and_other_dementias,629571.0,45185713.0,0.013932965935493815,-0.00606004250440669
1994,Alzheimer_s_disease_and_other_dementias,-0.00036627778462812303,Alzheimer_s_disease_and_other_dementias,0.019993008439900505,Alzheimer_s_disease_and_other_dementias,652176.0,46182613.0,0.014121678216864861,-0.005871330223035643
1995,Alzheimer_s_disease_and_other_dementias,-0.00030281507741006654,Alzheimer_s_disease_and_other_dementias,0.019993008439900505,Alzheimer_s_disease_and_other_dementias,674815.0,46177018.0,0.014613654783858065,-0.005379353656042439
1996,Alzheimer_s_disease_and_other_dementias,-0.0002534149863226943,Alzheimer_s_disease_and_other_dementias,0.019993008439900505,Alzheimer_s_disease_and_other_dementias,696665.0,46320827.0,0.015039994860195393,-0.004953013579705111
1997,Alzheimer_s_disease_and_other_dementias,-0.00021863089632911362,Alzheimer_s_disease_and_other_dementias,0.019993008439900505,Alzheimer_s_disease_and_other_dementias,717342.0,46672370.0,0.015369735884421554,-0.0046232725554789505
1998,Alzheimer_s_disease_and_other_dementias,-0.00018701710579244147,Alzheimer_s_disease_and_other_dementias,0.019993008439900505,Alzheimer_s_disease_and_other_dementias,738768.0,47066088.0,0.01569639694720326,-0.004296611492697243
1999,Alzheimer_s_disease_and_other_dementias,-0.0001615515477701075,Alzheimer_s_disease_and_other_dementias,0.019993008439900505,Alzheimer_s_disease_and_other_dementias,761620.0,47652090.0,0.015982929604976402,-0.004010078834924102
2000,Alzheimer_s_disease_and_other_dementias,-0.00013036167738653516,Alzheimer_s_disease_and_other_dementias,0.019993008439900505,Alzheimer_s_disease_and_other_dementias,786615.0,48050317.0,0.01637065162338055,-0.003622356816519956
2001,Alzheimer_s_disease_and_other_dementias,-9.785342767714366e-05,Alzheimer_s_disease_and_other_dementias,0.019993008439900505,Alzheimer_s_disease_and_other_dementias,814526.0,48385692.0,0.016834026058777873,-0.003158982381122631
2002,Alzheimer_s_disease_and_other_dementias,-7.04480817886765e-05,Alzheimer_s_disease_and_other_dementias,0.019993008439900505,Alzheimer_s_disease_and_other_dementias,845695.0,48897031.0,0.01729542638284112,-0.0026975820570593854
2003,Alzheimer_s_disease_and_other_dementias,-4.3666449615948895e-05,Alzheimer_s_disease_and_other_dementias,0.019993008439900505,Alzheimer_s_disease_and_other_dementias,877011.0,49123952.0,0.01785302208584521,-0.0021399863540552955
2004,Alzheimer_s_disease_and_other_dementias,-2.2942816914737433e-05,Alzheimer_s_disease_and_other_dementias,0.019993008439900505,Alzheimer_s_disease_and_other_dementias,909148.0,49330171.0,0.018429857054418075,-0.0015631513854824294
2005,Alzheimer_s_disease_and_other_dementias,-7.901215450137919e-06,Alzheimer_s_disease_and_other_dementias,0.019993008439900505,Alzheimer_s_disease_and_other_dementias,945619.0,49591909.0,0.0190680096626246,-0.0009249987772759032
2006,Alzheimer_s_disease_and_other_dementias,-1.2617288498621915e-07,Alzheimer_s_disease_and_other_dementias,0.019993008439900505,Alzheimer_s_disease_and_other_dementias,982308.0,49424521.0,0.01987491188837217,-0.00011809655152833498
2007,Alzheimer_s_disease_and_other_dementias,3.826115183558777e-06,Alzheimer_s_disease_and_other_dementias,0.019993008439900505,Alzheimer_s_disease_and_other_dementias,1022057.0,49495216.0,0.020649611873600066,0.000656603433699561
2008,Alzheimer_s_disease_and_other_dementias,1.3965851416918148e-05,Alzheimer_s_disease_and_other_dementias,0.019993008439900505,Alzheimer_s_disease_and_other_dementias,1065297.0,50115740.0,0.021256734910030262,0.0012637264701297578
2009,Alzheimer_s_disease_and_other_dementias,4.285039366095744e-05,Alzheimer_s_disease_and_other_dementias,0.019993008439900505,Alzheimer_s_disease_and_other_dementias,1109405.0,49900666.0,0.022232268402990855,0.002239259963090351
2010,Alzheimer_s_disease_and_other_dementias,7.230185303948962e-05,Alzheimer_s_disease_and_other_dementias,0.019993008439900505,Alzheimer_s_disease_and_other_dementias,1155944.0,50422775.0,0.022925037346714854,0.002932028906814349
2011,Alzheimer_s_disease_and_other_dementias,0.00012107170048982689,Alzheimer_s_disease_and_other_dementias,0.019993008439900505,Alzheimer_s_disease_and_other_dementias,1201138.0,50413303.0,0.023825814388714027,0.0038328059488135224
2012,Alzheimer_s_disease_and_other_dementias,0.0001759347590958799,Alzheimer_s_disease_and_other_dementias,0.019993008439900505,Alzheimer_s_disease_and_other_dementias,1247515.0,50597654.0,0.024655589763114313,0.004662581323213809
2013,Alzheimer_s_disease_and_other_dementias,0.00023450556235725308,Alzheimer_s_disease_and_other_dementias,0.019993008439900505,Alzheimer_s_disease_and_other_dementias,1294701.0,50931550.0,0.025420412298467258,0.005427403858566753
2014,Alzheimer_s_disease_and_other_dementias,0.00030265878818497034,Alzheimer_s_disease_and_other_dementias,0.019993008439900505,Alzheimer_s_disease_and_other_dementias,1343756.0,51268375.0,0.026210231941230826,0.006217223501330322
2015,Alzheimer_s_disease_and_other_dementias,0.000368278941205349,Alzheimer_s_disease_and_other_dementias,0.019993008439900505,Alzheimer_s_disease_and_other_dementias,1394942.0,51856393.0,0.026900096965864942,0.006907088525964437
2016,Alzheimer_s_disease_and_other_dementias,0.00045549513841091965,Alzheimer_s_disease_and_other_dementias,0.019993008439900505,Alzheimer_s_disease_and_other_dementias,1451840.0,52337435.0,0.02773999146117879,0.007746983021278287
2017,Alzheimer_s_disease_and_other_dementias,0.0005524465227906084,Alzheimer_s_disease_and_other_dementias,0.019993008439900505,Alzheimer_s_disease_and_other_dementias,1509646.0,52789758.0,0.02859732753463276,0.008604319094732256
2018,Alzheimer_s_disease_and_other_dementias,0.0006370115280045574,Alzheimer_s_disease_and_other_dementias,0.019993008439900505,Alzheimer_s_disease_and_other_dementias,1568617.0,53545244.0,0.029295169520564702,0.009302161080664197
2019,Alzheimer_s_disease_and_other_dementias,0.0007080584802438366,Alzheimer_s_disease_and_other_dementias,0.019993008439900505,Alzheimer_s_disease_and_other_dementias,1620797.0,54293423.0,0.029852547701772276,0.009859539261871771
1990,Cardiovascular_diseases,-0.0004439673183884423,Cardiovascular_diseases,0.30391353552465455,Cardiovascular_diseases,12062179.0,43518516.0,0.27717349093429566,-0.02674004459035889
1991,Cardiovascular_diseases,-0.00043774820747067254,Cardiovascular_diseases,0.30391353552465455,Cardiovascular_diseases,12220282.0,44059729.0,0.27735717575566565,-0.026556359768988902
1992,Cardiovascular_diseases,-0.0003605399153105097,Cardiovascular_diseases,0.30391353552465455,Cardiovascular_diseases,12437979.0,44459130.0,0.2797620871123659,-0.024151448412288667
1993,Cardiovascular_diseases,-0.00026047579344845237,Cardiovascular_diseases,0.30391353552465455,Cardiovascular_diseases,12802108.0,45185713.0,0.2833220314571555,-0.020591504067499045
1994,Cardiovascular_diseases,-0.000294010006045807,Cardiovascular_diseases,0.30391353552465455,Cardiovascular_diseases,13026289.0,46182613.0,0.2820604585539584,-0.02185307697069616
1995,Cardiovascular_diseases,-0.00023532782131272228,Cardiovascular_diseases,0.30391353552465455,Cardiovascular_diseases,13129252.0,46177018.0,0.28432437971633423,-0.019589155808320324
1996,Cardiovascular_diseases,-0.00021299945129410643,Cardiovascular_diseases,0.30391353552465455,Cardiovascular_diseases,13213565.0,46320827.0,0.28526185424107386,-0.01865168128358069
1997,Cardiovascular_diseases,-0.0002002480585939258,Cardiovascular_diseases,0.30391353552465455,Cardiovascular_diseases,13339902.0,46672370.0,0.2858201115563662,-0.018093423968288336
1998,Cardiovascular_diseases,-0.0001959478391831979,Cardiovascular_diseases,0.30391353552465455,Cardiovascular_diseases,13461489.0,47066088.0,0.2860124895019956,-0.017901046022658962
1999,Cardiovascular_diseases,-0.00015558333566950428,Cardiovascular_diseases,0.30391353552465455,Cardiovascular_diseases,13720763.0,47652090.0,0.2879362269314945,-0.015977308593160044
2000,Cardiovascular_diseases,-0.00010970956730047086,Cardiovascular_diseases,0.30391353552465455,Cardiovascular_diseases,13957078.0,48050317.0,0.29046796923316864,-0.013445566291485911
2001,Cardiovascular_diseases,-6.963503911228521e-05,Cardiovascular_diseases,0.30391353552465455,Cardiovascular_diseases,14185571.0,48385692.0,0.29317697884738325,-0.010736556677271303
2002,Cardiovascular_diseases,-3.233669727508749e-05,Cardiovascular_diseases,0.30391353552465455,Cardiovascular_diseases,14501696.0,48897031.0,0.2965762072547922,-0.007337328269862331
2003,Cardiovascular_diseases,-1.1849108365414272e-05,Cardiovascular_diseases,0.30391353552465455,Cardiovascular_diseases,14710723.0,49123952.0,0.2994613096275316,-0.004452225897122963
2004,Cardiovascular_diseases,-1.48933885123991e-05,Cardiovascular_diseases,0.30391353552465455,Cardiovascular_diseases,14745985.0,49330171.0,0.29892426280054857,-0.0049892727241059864
2005,Cardiovascular_diseases,-1.4017133829953045e-06,Cardiovascular_diseases,0.30391353552465455,Cardiovascular_diseases,14995528.0,49591909.0,0.3023785190443062,-0.0015350164803483723
2006,Cardiovascular_diseases,-2.061821818526838e-07,Cardiovascular_diseases,0.30391353552465455,Cardiovascular_diseases,14991661.0,49424521.0,0.3033243559406474,-0.0005891795840071712
2007,Cardiovascular_diseases,1.3626049314711041e-06,Cardiovascular_diseases,0.30391353552465455,Cardiovascular_diseases,15117363.0,49495216.0,0.3054307915334686,0.0015172560088140274
2008,Cardiovascular_diseases,6.887386505683053e-06,Cardiovascular_diseases,0.30391353552465455,Cardiovascular_diseases,15402070.0,50115740.0,0.30732999253328397,0.0034164570086294144
2009,Cardiovascular_diseases,3.525141333920578e-05,Cardiovascular_diseases,0.30391353552465455,Cardiovascular_diseases,15552545.0,49900666.0,0.31167008873188184,0.00775655320722729
2010,Cardiovascular_diseases,6.064323469793815e-05,Cardiovascular_diseases,0.30391353552465455,Cardiovascular_diseases,15838151.0,50422775.0,0.31410708752146227,0.010193551996807715
2011,Cardiovascular_diseases,0.00011728674022250859,Cardiovascular_diseases,0.30391353552465455,Cardiovascular_diseases,16038263.0,50413303.0,0.3181355325994014,0.014221997074746862
2012,Cardiovascular_diseases,0.00016982914982201485,Cardiovascular_diseases,0.30391353552465455,Cardiovascular_diseases,16245243.0,50597654.0,0.32106711904073654,0.017153583516081983
2013,Cardiovascular_diseases,0.00022657065719647578,Cardiovascular_diseases,0.30391353552465455,Cardiovascular_diseases,16490053.0,50931550.0,0.32376892122859013,0.01985538570393558
2014,Cardiovascular_diseases,0.0002804928486526137,Cardiovascular_diseases,0.30391353552465455,Cardiovascular_diseases,16715810.0,51268375.0,0.32604524719186045,0.0221317116672059
2015,Cardiovascular_diseases,0.0003745456967449885,Cardiovascular_diseases,0.30391353552465455,Cardiovascular_diseases,17089707.0,51856393.0,0.32955834394420763,0.025644808419553078
2016,Cardiovascular_diseases,0.00046116844938401923,Cardiovascular_diseases,0.30391353552465455,Cardiovascular_diseases,17398709.0,52337435.0,0.3324333529146012,0.028519817389946633
2017,Cardiovascular_diseases,0.0005465989632803554,Cardiovascular_diseases,0.30391353552465455,Cardiovascular_diseases,17685890.0,52789758.0,0.3350250251194559,0.031111489594801367
2018,Cardiovascular_diseases,0.0006640685922023343,Cardiovascular_diseases,0.30391353552465455,Cardiovascular_diseases,18113910.0,53545244.0,0.3382916697512855,0.03437813422663094
2019,Cardiovascular_diseases,0.0007778402755729084,Cardiovascular_diseases,0.30391353552465455,Cardiovascular_diseases,18525078.0,54293423.0,0.3412029851203156,0.03728944959566105
1990,Tuberculosis,0.0004294044653384002,Tuberculosis,0.03155651270642639,Tuberculosis,1776727.0,43518516.0,0.04082692066062179,0.009270407954195398
1991,Tuberculosis,0.00040517969186751063,Tuberculosis,0.03155651270642639,Tuberculosis,1786389.0,44059729.0,0.04054471147564253,0.008988198769216138
1992,Tuberculosis,0.00041506269748377853,Tuberculosis,0.03155651270642639,Tuberculosis,1807740.0,44459130.0,0.04066071468335075,0.00910420197692436
1993,Tuberculosis,0.00030402866588421715,Tuberculosis,0.03155651270642639,Tuberculosis,1774711.0,45185713.0,0.03927593219564777,0.007719419489221377
1994,Tuberculosis,0.0002140376746677811,Tuberculosis,0.03155651270642639,Tuberculosis,1753811.0,46182613.0,0.037975568857483225,0.006419056151056833
1995,Tuberculosis,0.00019401518676884656,Tuberculosis,0.03155651270642639,Tuberculosis,1738759.0,46177018.0,0.03765420712095355,0.006097694414527156
1996,Tuberculosis,0.00016452578485308747,Tuberculosis,0.03155651270642639,Tuberculosis,1720903.0,46320827.0,0.03715181941807732,0.005595306711650927
1997,Tuberculosis,0.00015506479291287198,Tuberculosis,0.03155651270642639,Tuberculosis,1726038.0,46672370.0,0.03698200884163371,0.0054254961352073194
1998,Tuberculosis,0.00013658349370295505,Tuberculosis,0.03155651270642639,Tuberculosis,1724307.0,47066088.0,0.036635868271015004,0.005079355564588613
1999,Tuberculosis,0.00010904118380384393,Tuberculosis,0.03155651270642639,Tuberculosis,1719130.0,47652090.0,0.03607669674089846,0.004520184034472068
2000,Tuberculosis,9.125993783481719e-05,Tuberculosis,0.03155651270642639,Tuberculosis,1714428.0,48050317.0,0.03567984785615462,0.004123335149728229
2001,Tuberculosis,5.616855792451919e-05,Tuberculosis,0.03155651270642639,Tuberculosis,1682360.0,48385692.0,0.034769782769666704,0.003213270063240313
2002,Tuberculosis,2.6196101086143394e-05,Tuberculosis,0.03155651270642639,Tuberculosis,1649490.0,48897031.0,0.03373395002244615,0.0021774373160197563
2003,Tuberculosis,8.948480184323778e-06,Tuberculosis,0.03155651270642639,Tuberculosis,1612262.0,49123952.0,0.032820282863235434,0.0012637701568090423
2004,Tuberculosis,7.86705199841592e-09,Tuberculosis,0.03155651270642639,Tuberculosis,1558519.0,49330171.0,0.03159362654550701,3.711383908061583e-05
2005,Tuberculosis,-2.4753727804946435e-06,Tuberculosis,0.03155651270642639,Tuberculosis,1532479.0,49591909.0,0.030901794887549097,-0.0006547178188772949
2006,Tuberculosis,-8.673620017643621e-06,Tuberculosis,0.03155651270642639,Tuberculosis,1499369.0,49424521.0,0.030336540843764574,-0.0012199718626618172
2007,Tuberculosis,-2.0247765164859463e-05,Tuberculosis,0.03155651270642639,Tuberculosis,1470117.0,49495216.0,0.029702203946336957,-0.0018543087600894348
2008,Tuberculosis,-4.2652727833662816e-05,Tuberculosis,0.03155651270642639,Tuberculosis,1447516.0,50115740.0,0.02888346056548302,-0.0026730521409433702
2009,Tuberculosis,-6.947038340068389e-05,Tuberculosis,0.03155651270642639,Tuberculosis,1405491.0,49900666.0,0.028165776384627812,-0.003390736321798579
2010,Tuberculosis,-0.00012395756339341553,Tuberculosis,0.03155651270642639,Tuberculosis,1364942.0,50422775.0,0.02706995003745827,-0.00448656266896812
2011,Tuberculosis,-0.0001646450893530065,Tuberculosis,0.03155651270642639,Tuberculosis,1331697.0,50413303.0,0.02641558717150511,-0.005140925534921282
2012,Tuberculosis,-0.00018994900663134632,Tuberculosis,0.03155651270642639,Tuberculosis,1318198.0,50597654.0,0.026052551764554142,-0.005503960941872249
2013,Tuberculosis,-0.0002186662669351109,Tuberculosis,0.03155651270642639,Tuberculosis,1307485.0,50931550.0,0.025671415851274897,-0.005885096855151494
2014,Tuberculosis,-0.0002525616818160295,Tuberculosis,0.03155651270642639,Tuberculosis,1294816.0,51268375.0,0.025255647365456775,-0.006300865340969616
2015,Tuberculosis,-0.0003267357831222722,Tuberculosis,0.03155651270642639,Tuberculosis,1267556.0,51856393.0,0.024443582105681743,-0.007112930600744648
2016,Tuberculosis,-0.00038523402229118835,Tuberculosis,0.03155651270642639,Tuberculosis,1249524.0,52337435.0,0.023874383603246892,-0.007682129103179499
2017,Tuberculosis,-0.0004461632421810151,Tuberculosis,0.03155651270642639,Tuberculosis,1231689.0,52789758.0,0.023331969053542546,-0.008224543652883845
2018,Tuberculosis,-0.000549477236729286,Tuberculosis,0.03155651270642639,Tuberculosis,1204916.0,53545244.0,0.022502764204417484,-0.009053748502008907
2019,Tuberculosis,-0.00066089356967329,Tuberculosis,0.03155651270642639,Tuberculosis,1178483.0,54293423.0,0.021705815085558338,-0.009850697620868053
1990,Diabetes_mellitus,-0.0003594478804665063,Diabetes_mellitus,0.021199270678605168,Diabetes_mellitus,661085.0,43518516.0,0.015190890240834498,-0.006008380437770669
1991,Diabetes_mellitus,-0.0003297017893205173,Diabetes_mellitus,0.021199270678605168,Diabetes_mellitus,679630.0,44059729.0,0.01542519700926894,-0.005774073669336228
1992,Diabetes_mellitus,-0.0002857113891813043,Diabetes_mellitus,0.021199270678605168,Diabetes_mellitus,702253.0,44459130.0,0.015795473280741212,-0.0054037973978639554
1993,Diabetes_mellitus,-0.0002508513296573692,Diabetes_mellitus,0.021199270678605168,Diabetes_mellitus,728077.0,45185713.0,0.016112991289968136,-0.005086279388637031
1994,Diabetes_mellitus,-0.00023486776275083616,Diabetes_mellitus,0.021199270678605168,Diabetes_mellitus,751254.0,46182613.0,0.016267031057770595,-0.004932239620834573
1995,Diabetes_mellitus,-0.0001885281257728924,Diabetes_mellitus,0.021199270678605168,Diabetes_mellitus,773490.0,46177018.0,0.016750540279582365,-0.004448730399022802
1996,Diabetes_mellitus,-0.000146582725332743,Diabetes_mellitus,0.021199270678605168,Diabetes_mellitus,799023.0,46320827.0,0.017249756788668736,-0.003949513889936432
1997,Diabetes_mellitus,-0.000111322599805891,Diabetes_mellitus,0.021199270678605168,Diabetes_mellitus,827734.0,46672370.0,0.017734989673762015,-0.0034642810048431533
1998,Diabetes_mellitus,-8.510658958792009e-05,Diabetes_mellitus,0.021199270678605168,Diabetes_mellitus,854415.0,47066088.0,0.018153516391674618,-0.00304575428693055
1999,Diabetes_mellitus,-6.84425354710831e-05,Diabetes_mellitus,0.021199270678605168,Diabetes_mellitus,879521.0,47652090.0,0.018457133779441783,-0.0027421368991633853
2000,Diabetes_mellitus,-4.9535647808840824e-05,Diabetes_mellitus,0.021199270678605168,Diabetes_mellitus,905965.0,48050317.0,0.018854506204402356,-0.0023447644742028116
2001,Diabetes_mellitus,-3.1426760040183005e-05,Diabetes_mellitus,0.021199270678605168,Diabetes_mellitus,934841.0,48385692.0,0.019320608249232023,-0.0018786624293731444
2002,Diabetes_mellitus,-1.6029346123372238e-05,Diabetes_mellitus,0.021199270678605168,Diabetes_mellitus,970544.0,48897031.0,0.01984873069287172,-0.0013505399857334476
2003,Diabetes_mellitus,-6.0797576124106125e-06,Diabetes_mellitus,0.021199270678605168,Diabetes_mellitus,1000276.0,49123952.0,0.020362286812754805,-0.0008369838658503631
2004,Diabetes_mellitus,-2.703652272858587e-06,Diabetes_mellitus,0.021199270678605168,Diabetes_mellitus,1018138.0,49330171.0,0.020639255436596803,-0.0005600152420083652
2005,Diabetes_mellitus,-5.189461230803944e-10,Diabetes_mellitus,0.021199270678605168,Diabetes_mellitus,1050925.0,49591909.0,0.021191460889315634,-7.80978928953402e-06
2006,Diabetes_mellitus,1.8687230993683632e-06,Diabetes_mellitus,0.021199270678605168,Diabetes_mellitus,1071057.0,49424521.0,0.021670559032833114,0.00047128835422794585
2007,Diabetes_mellitus,6.4420204047418105e-06,Diabetes_mellitus,0.021199270678605168,Diabetes_mellitus,1092777.0,49495216.0,0.022078436833167875,0.000879166154562707
2008,Diabetes_mellitus,1.1809150602697896e-05,Diabetes_mellitus,0.021199270678605168,Diabetes_mellitus,1122287.0,50115740.0,0.022393902594274772,0.0011946319156696042
2009,Diabetes_mellitus,2.3480033050732384e-05,Diabetes_mellitus,0.021199270678605168,Diabetes_mellitus,1142391.0,49900666.0,0.02289330166455093,0.0016940309859457617
2010,Diabetes_mellitus,2.9964745895127726e-05,Diabetes_mellitus,0.021199270678605168,Diabetes_mellitus,1165663.0,50422775.0,0.023117787547393017,0.0019185168687878493
2011,Diabetes_mellitus,5.277167781797998e-05,Diabetes_mellitus,0.021199270678605168,Diabetes_mellitus,1197995.0,50413303.0,0.02376346973337573,0.0025641990547705627
2012,Diabetes_mellitus,8.30660417026534e-05,Diabetes_mellitus,0.021199270678605168,Diabetes_mellitus,1236606.0,50597654.0,0.024439986881605223,0.0032407162030000554
2013,Diabetes_mellitus,0.00011756515740836936,Diabetes_mellitus,0.021199270678605168,Diabetes_mellitus,1277414.0,50931550.0,0.025080995964191156,0.003881725285585988
2014,Diabetes_mellitus,0.00015992460196148205,Diabetes_mellitus,0.021199270678605168,Diabetes_mellitus,1320608.0,51268375.0,0.025758725530114813,0.004559454851509645
2015,Diabetes_mellitus,0.00020118075344346107,Diabetes_mellitus,0.021199270678605168,Diabetes_mellitus,1366100.0,51856393.0,0.026343907105147092,0.005144636426541924
2016,Diabetes_mellitus,0.0002520655837226185,Diabetes_mellitus,0.021199270678605168,Diabetes_mellitus,1412896.0,52337435.0,0.026995896913939325,0.005796626235334158
2017,Diabetes_mellitus,0.0002997872241734989,Diabetes_mellitus,0.021199270678605168,Diabetes_mellitus,1454681.0,52789758.0,0.027556121776500662,0.006356851097895494
2018,Diabetes_mellitus,0.00034427844214271084,Diabetes_mellitus,0.021199270678605168,Diabetes_mellitus,1501633.0,53545244.0,0.028044190068496094,0.0068449193898909265
2019,Diabetes_mellitus,0.00038687607701047176,Diabetes_mellitus,0.021199270678605168,Diabetes_mellitus,1546628.0,54293423.0,0.02848647063567902,0.007287199957073852
1990,Chronic_kidney_disease,-0.0003492273698415386,Chronic_kidney_disease,0.019471265385770393,Chronic_kidney_disease,600925.0,43518516.0,0.013808490160831771,-0.005662775224938622
1991,Chronic_kidney_disease,-0.00033358795371891416,Chronic_kidney_disease,0.019471265385770393,Chronic_kidney_disease,613589.0,44059729.0,0.013926299909833762,-0.005544965475936631
1992,Chronic_kidney_disease,-0.0003020768235427486,Chronic_kidney_disease,0.019471265385770393,Chronic_kidney_disease,630160.0,44459130.0,0.01417391658361286,-0.0052973488021575334
1993,Chronic_kidney_disease,-0.0002838203006908075,Chronic_kidney_disease,0.019471265385770393,Chronic_kidney_disease,647255.0,45185713.0,0.014324328577043811,-0.005146936808726582
1994,Chronic_kidney_disease,-0.00027403549592306146,Chronic_kidney_disease,0.019471265385770393,Chronic_kidney_disease,665365.0,46182613.0,0.014407261884467212,-0.0050640035013031805
1995,Chronic_kidney_disease,-0.00022971653893058943,Chronic_kidney_disease,0.019471265385770393,Chronic_kidney_disease,683701.0,46177018.0,0.014806088171392964,-0.0046651772143774285
1996,Chronic_kidney_disease,-0.0001891473547871855,Chronic_kidney_disease,0.019471265385770393,Chronic_kidney_disease,704624.0,46320827.0,0.015211818217321552,-0.004259447168448841
1997,Chronic_kidney_disease,-0.00014914039496869455,Chronic_kidney_disease,0.019471265385770393,Chronic_kidney_disease,731048.0,46672370.0,0.015663399994472103,-0.0038078653912982895
1998,Chronic_kidney_disease,-0.00011401785378429576,Chronic_kidney_disease,0.019471265385770393,Chronic_kidney_disease,758681.0,47066088.0,0.016119482885426976,-0.003351782500343417
1999,Chronic_kidney_disease,-8.977282550652545e-05,Chronic_kidney_disease,0.019471265385770393,Chronic_kidney_disease,785380.0,47652090.0,0.01648154362169634,-0.0029897217640740513
2000,Chronic_kidney_disease,-6.256930347302205e-05,Chronic_kidney_disease,0.019471265385770393,Chronic_kidney_disease,814854.0,48050317.0,0.016958348058348918,-0.0025129173274214753
2001,Chronic_kidney_disease,-4.123415482946405e-05,Chronic_kidney_disease,0.019471265385770393,Chronic_kidney_disease,842790.0,48385692.0,0.017418165684186145,-0.0020530997015842482
2002,Chronic_kidney_disease,-2.4567537962688797e-05,Chronic_kidney_disease,0.019471265385770393,Chronic_kidney_disease,874109.0,48897031.0,0.017876525059364035,-0.0015947403264063575
2003,Chronic_kidney_disease,-1.1650919463401235e-05,Chronic_kidney_disease,0.019471265385770393,Chronic_kidney_disease,902200.0,49123952.0,0.018365786205474674,-0.0011054791802957188
2004,Chronic_kidney_disease,-5.488463878264955e-06,Chronic_kidney_disease,0.019471265385770393,Chronic_kidney_disease,922921.0,49330171.0,0.01870905738396893,-0.0007622080018014621
2005,Chronic_kidney_disease,-3.1750248328838056e-07,Chronic_kidney_disease,0.019471265385770393,Chronic_kidney_disease,956457.0,49591909.0,0.019286553377084154,-0.0001847120086862393
2006,Chronic_kidney_disease,1.4105667439972744e-06,Chronic_kidney_disease,0.019471265385770393,Chronic_kidney_disease,981743.0,49424521.0,0.019863480315772813,0.00039221493000242066
2007,Chronic_kidney_disease,8.008818120744702e-06,Chronic_kidney_disease,0.019471265385770393,Chronic_kidney_disease,1010311.0,49495216.0,0.02041229600856778,0.0009410306227973855
2008,Chronic_kidney_disease,1.7410825831422816e-05,Chronic_kidney_disease,0.019471265385770393,Chronic_kidney_disease,1045743.0,50115740.0,0.02086655809133019,0.0013952927055597975
2009,Chronic_kidney_disease,3.707770309038891e-05,Chronic_kidney_disease,0.019471265385770393,Chronic_kidney_disease,1074048.0,49900666.0,0.02152372074553073,0.0020524553597603377
2010,Chronic_kidney_disease,5.410940116690394e-05,Chronic_kidney_disease,0.019471265385770393,Chronic_kidney_disease,1107473.0,50422775.0,0.021963745549506152,0.0024924801637357594
2011,Chronic_kidney_disease,8.802205441298875e-05,Chronic_kidney_disease,0.019471265385770393,Chronic_kidney_disease,1143219.0,50413303.0,0.022676931126690905,0.0032056657409205123
2012,Chronic_kidney_disease,0.00012058521856123387,Chronic_kidney_disease,0.019471265385770393,Chronic_kidney_disease,1176295.0,50597654.0,0.023248014621389364,0.0037767492356189716
2013,Chronic_kidney_disease,0.00015917882692862155,Chronic_kidney_disease,0.019471265385770393,Chronic_kidney_disease,1214187.0,50931550.0,0.023839584697500863,0.00436831931173047
2014,Chronic_kidney_disease,0.00019481806387961105,Chronic_kidney_disease,0.019471265385770393,Chronic_kidney_disease,1247378.0,51268375.0,0.024330359602776564,0.004859094217006171
2015,Chronic_kidney_disease,0.0002333157614432574,Chronic_kidney_disease,0.019471265385770393,Chronic_kidney_disease,1286935.0,51856393.0,0.024817287233996396,0.005346021848226003
2016,Chronic_kidney_disease,0.0002759354378303949,Chronic_kidney_disease,0.019471265385770393,Chronic_kidney_disease,1325004.0,52337435.0,0.02531656356487474,0.005845298179104348
2017,Chronic_kidney_disease,0.0003013908246724353,Chronic_kidney_disease,0.019471265385770393,Chronic_kidney_disease,1351349.0,52789758.0,0.02559869662596294,0.0061274312401925456
2018,Chronic_kidney_disease,0.0003311575722092829,Chronic_kidney_disease,0.019471265385770393,Chronic_kidney_disease,1387668.0,53545244.0,0.025915803091680747,0.006444537705910355
2019,Chronic_kidney_disease,0.00036162216790956324,Chronic_kidney_disease,0.019471265385770393,Chronic_kidney_disease,1424000.0,54293423.0,0.026227854523005485,0.006756589137235092
1990,Drowning,0.00024505403899614656,Drowning,0.007123638800035801,Drowning,460460.0,43518516.0,0.010580783591058114,0.0034571447910223124
1991,Drowning,0.0002115600446013202,Drowning,0.007123638800035801,Drowning,454375.0,44059729.0,0.010312705282413334,0.003189066482377533
1992,Drowning,0.00018134721755541444,Drowning,0.007123638800035801,Drowning,447056.0,44459130.0,0.010055437432086502,0.002931798632050701
1993,Drowning,0.00015947592058198636,Drowning,0.007123638800035801,Drowning,445434.0,45185713.0,0.009857850422765267,0.0027342116227294655
1994,Drowning,0.00013273584081220538,Drowning,0.007123638800035801,Drowning,443350.0,46182613.0,0.009599933204299202,0.002476294404263401
1995,Drowning,0.00012007946938693984,Drowning,0.007123638800035801,Drowning,437303.0,46177018.0,0.009470143784512027,0.0023465049844762255
1996,Drowning,9.025755063722977e-05,Drowning,0.007123638800035801,Drowning,423296.0,46320827.0,0.009138351523818864,0.002014712723783063
1997,Drowning,6.798862789537084e-05,Drowning,0.007123638800035801,Drowning,413405.0,46672370.0,0.008857596046654584,0.0017339572466187822
1998,Drowning,5.347327675061684e-05,Drowning,0.007123638800035801,Drowning,407205.0,47066088.0,0.00865177067616072,0.0015281318761249194
1999,Drowning,3.42589681061539e-05,Drowning,0.007123638800035801,Drowning,397169.0,47652090.0,0.008334765589505098,0.001211126789469297
2000,Drowning,2.1147967388338983e-05,Drowning,0.007123638800035801,Drowning,387627.0,48050317.0,0.008067105988083283,0.000943467188047482
2001,Drowning,1.0095261013633346e-05,Drowning,0.007123638800035801,Drowning,375917.0,48385692.0,0.007769176888076748,0.0006455380880409462
2002,Drowning,1.9328208673454047e-06,Drowning,0.007123638800035801,Drowning,361967.0,48897031.0,0.007402637595726415,0.000278998795690614
2003,Drowning,-5.076230508438011e-08,Drowning,0.007123638800035801,Drowning,347745.0,49123952.0,0.007078929643119919,-4.470915691588261e-05
2004,Drowning,-1.7894826739246929e-06,Drowning,0.007123638800035801,Drowning,338417.0,49330171.0,0.006860243804952551,-0.0002633949950832503
2005,Drowning,-4.486623164224647e-06,Drowning,0.007123638800035801,Drowning,332705.0,49591909.0,0.006708856478987328,-0.0004147823210484732
2006,Drowning,-1.1269613315873379e-05,Drowning,0.007123638800035801,Drowning,319875.0,49424521.0,0.006471989885344564,-0.0006516489146912371
2007,Drowning,-1.8174821897588486e-05,Drowning,0.007123638800035801,Drowning,311889.0,49495216.0,0.006301396886519295,-0.000822241913516506
2008,Drowning,-2.95866686574725e-05,Drowning,0.007123638800035801,Drowning,304870.0,50115740.0,0.006083318334718793,-0.001040320465317008
2009,Drowning,-3.810313839574999e-05,Drowning,0.007123638800035801,Drowning,296871.0,49900666.0,0.005949239234602601,-0.0011743995654332007
2010,Drowning,-5.1522746329471015e-05,Drowning,0.007123638800035801,Drowning,290831.0,50422775.0,0.005767849944791813,-0.0013557888552439886
2011,Drowning,-6.819077048197616e-05,Drowning,0.007123638800035801,Drowning,281106.0,50413303.0,0.005576028216203172,-0.0015476105838326294
2012,Drowning,-8.093845475202587e-05,Drowning,0.007123638800035801,Drowning,275585.0,50597654.0,0.005446596397532581,-0.00167704240250322
2013,Drowning,-0.00010403691429071752,Drowning,0.007123638800035801,Drowning,266827.0,50931550.0,0.00523893343124252,-0.001884705368793281
2014,Drowning,-0.0001291172069501803,Drowning,0.007123638800035801,Drowning,258489.0,51268375.0,0.005041880106400875,-0.002081758693634926
2015,Drowning,-0.00014877996839473477,Drowning,0.007123638800035801,Drowning,254237.0,51856393.0,0.0049027127667749665,-0.002220926033260835
2016,Drowning,-0.00017166264098142858,Drowning,0.007123638800035801,Drowning,248811.0,52337435.0,0.004753977721682387,-0.0023696610783534144
2017,Drowning,-0.00020077340264230178,Drowning,0.007123638800035801,Drowning,241842.0,52789758.0,0.004581229563507376,-0.002542409236528425
2018,Drowning,-0.0002178192348517837,Drowning,0.007123638800035801,Drowning,240266.0,53545244.0,0.00448715856071176,-0.0026364802393240416
2019,Drowning,-0.00024214066886742115,Drowning,0.007123638800035801,Drowning,236750.0,54293423.0,0.004360564998821312,-0.0027630738012144893
1990,Meningitis,0.0001507175566685051,Meningitis,0.007257857504972817,Meningitis,432253.0,43518516.0,0.009932622702483697,0.002674765197510879
1991,Meningitis,0.0001300382931570161,Meningitis,0.007257857504972817,Meningitis,428621.0,44059729.0,0.009728180579594577,0.0024703230746217593
1992,Meningitis,0.00011697066843885796,Meningitis,0.007257857504972817,Meningitis,426440.0,44459130.0,0.009591730652399181,0.002333873147426364
1993,Meningitis,9.220636692925006e-05,Meningitis,0.007257857504972817,Meningitis,420836.0,45185713.0,0.00931347481448395,0.002055617309511132
1994,Meningitis,6.455683893862431e-05,Meningitis,0.007257857504972817,Meningitis,413799.0,46182613.0,0.00896006035864623,0.0017022028536734122
1995,Meningitis,5.857123597405008e-05,Meningitis,0.007257857504972817,Meningitis,409826.0,46177018.0,0.008875107526432304,0.0016172500214594867
1996,Meningitis,6.805115769334218e-05,Meningitis,0.007257857504972817,Meningitis,417259.0,46320827.0,0.009008021380965413,0.001750163875992596
1997,Meningitis,4.040678560498481e-05,Meningitis,0.007257857504972817,Meningitis,400893.0,46672370.0,0.008589514524332062,0.0013316570193592442
1998,Meningitis,2.7962354189114264e-05,Meningitis,0.007257857504972817,Meningitis,393364.0,47066088.0,0.008357694822650228,0.0010998373176774106
1999,Meningitis,2.0179774035974582e-05,Meningitis,0.007257857504972817,Meningitis,390136.0,47652090.0,0.00818717500113846,0.0009293174961656431
2000,Meningitis,1.4182863221799929e-05,Meningitis,0.007257857504972817,Meningitis,385994.0,48050317.0,0.008033120780451874,0.0007752632754790571
2001,Meningitis,8.421284377236297e-06,Meningitis,0.007257857504972817,Meningitis,379912.0,48385692.0,0.007851742618458366,0.0005938851134855488
2002,Meningitis,3.074974885679797e-06,Meningitis,0.007257857504972817,Meningitis,372298.0,48897031.0,0.007613918317453671,0.0003560608124808535
2003,Meningitis,1.6155723918200759e-06,Meningitis,0.007257857504972817,Meningitis,369171.0,49123952.0,0.007515091619664477,0.00025723411469165923
2004,Meningitis,2.9886635817513756e-07,Meningitis,0.007257857504972817,Meningitis,363462.0,49330171.0,0.007367945268221349,0.00011008776324853125
2005,Meningitis,3.5539431808622875e-08,Meningitis,0.007257857504972817,Meningitis,361809.0,49591909.0,0.007295726405692509,3.786890071969147e-05
2006,Meningitis,6.709037620063626e-10,Meningitis,0.007257857504972817,Meningitis,358973.0,49424521.0,0.007263054709220146,5.197204247328439e-06
2007,Meningitis,-4.300708653127305e-07,Meningitis,0.007257857504972817,Meningitis,352747.0,49495216.0,0.007126890809002632,-0.00013096669597018572
2008,Meningitis,-4.186406549511494e-06,Meningitis,0.007257857504972817,Meningitis,343452.0,50115740.0,0.0068531762675758156,-0.00040468123739700185
2009,Meningitis,-6.621811761562107e-06,Meningitis,0.007257857504972817,Meningitis,336868.0,49900666.0,0.006750771622967918,-0.0005070858820048997
2010,Meningitis,-1.5861788414336464e-05,Meningitis,0.007257857504972817,Meningitis,326778.0,50422775.0,0.006480761917605685,-0.0007770955873671326
2011,Meningitis,-2.9822710213171734e-05,Meningitis,0.007257857504972817,Meningitis,312733.0,50413303.0,0.006203382468313969,-0.0010544750366588487
2012,Meningitis,-4.823264472513704e-05,Meningitis,0.007257857504972817,Meningitis,300091.0,50597654.0,0.005930927153262876,-0.0013269303517099412
2013,Meningitis,-6.918991242858428e-05,Meningitis,0.007257857504972817,Meningitis,289502.0,50931550.0,0.005684138809833983,-0.0015737186951388345
2014,Meningitis,-9.087875543779724e-05,Meningitis,0.007257857504972817,Meningitis,280438.0,51268375.0,0.00546999978056648,-0.0017878577244063373
2015,Meningitis,-0.00012790133834192244,Meningitis,0.007257857504972817,Meningitis,267789.0,51856393.0,0.005164049879057342,-0.0020938076259154753
2016,Meningitis,-0.00015210148300545505,Meningitis,0.007257857504972817,Meningitis,261246.0,52337435.0,0.004991570565122268,-0.002266286939850549
2017,Meningitis,-0.00019229676351128762,Meningitis,0.007257857504972817,Meningitis,250132.0,52789758.0,0.004738267601075193,-0.0025195899038976243
2018,Meningitis,-0.00023293940173202865,Meningitis,0.007257857504972817,Meningitis,241666.0,53545244.0,0.004513304673707342,-0.0027445528312654757
2019,Meningitis,-0.0002667357195646049,Meningitis,0.007257857504972817,Meningitis,235867.0,54293423.0,0.004344301518804589,-0.0029135559861682286
1990,Parkinson_s_disease,-9.301352767806772e-05,Parkinson_s_disease,0.004833123916684805,Parkinson_s_disease,147156.0,43518516.0,0.003381457216969439,-0.0014516666997153663
1991,Parkinson_s_disease,-8.711454645168762e-05,Parkinson_s_disease,0.004833123916684805,Parkinson_s_disease,150875.0,44059729.0,0.0034243288241741113,-0.001408795092510694
1992,Parkinson_s_disease,-7.930796795080369e-05,Parkinson_s_disease,0.004833123916684805,Parkinson_s_disease,154886.0,44459130.0,0.003483783870714519,-0.0013493400459702863
1993,Parkinson_s_disease,-7.153968213404301e-05,Parkinson_s_disease,0.004833123916684805,Parkinson_s_disease,160249.0,45185713.0,0.0035464528356562615,-0.0012866710810285438
1994,Parkinson_s_disease,-6.999617812039735e-05,Parkinson_s_disease,0.004833123916684805,Parkinson_s_disease,164381.0,46182613.0,0.0035593698433650776,-0.0012737540733197277
1995,Parkinson_s_disease,-5.892332137670813e-05,Parkinson_s_disease,0.004833123916684805,Parkinson_s_disease,168882.0,46177018.0,0.0036572738412861566,-0.0011758500753986487
1996,Parkinson_s_disease,-4.9179830243609916e-05,Parkinson_s_disease,0.004833123916684805,Parkinson_s_disease,173822.0,46320827.0,0.0037525668529190983,-0.001080557063765707
1997,Parkinson_s_disease,-4.0870648042433226e-05,Parkinson_s_disease,0.004833123916684805,Parkinson_s_disease,179347.0,46672370.0,0.0038426803695634057,-0.0009904435471213995
1998,Parkinson_s_disease,-3.341780513399392e-05,Parkinson_s_disease,0.004833123916684805,Parkinson_s_disease,185097.0,47066088.0,0.003932704158459059,-0.0009004197582257465
1999,Parkinson_s_disease,-2.7008038718301375e-05,Parkinson_s_disease,0.004833123916684805,Parkinson_s_disease,191538.0,47652090.0,0.00401950890296732,-0.0008136150137174857
2000,Parkinson_s_disease,-1.9795302281972534e-05,Parkinson_s_disease,0.004833123916684805,Parkinson_s_disease,198545.0,48050317.0,0.004132022687800374,-0.0007011012288844314
2001,Parkinson_s_disease,-1.2968495846161197e-05,Parkinson_s_disease,0.004833123916684805,Parkinson_s_disease,206194.0,48385692.0,0.004261466385558773,-0.0005716575311260326
2002,Parkinson_s_disease,-7.48537726304795e-06,Parkinson_s_disease,0.004833123916684805,Parkinson_s_disease,214930.0,48897031.0,0.004395563403430364,-0.0004375605132544416
2003,Parkinson_s_disease,-3.674487278488561e-06,Parkinson_s_disease,0.004833123916684805,Parkinson_s_disease,222256.0,49123952.0,0.0045243916857503645,-0.00030873223093444077
2004,Parkinson_s_disease,-1.8040478009095234e-06,Parkinson_s_disease,0.004833123916684805,Parkinson_s_disease,227695.0,49330171.0,0.004615735064044274,-0.00021738885264053088
2005,Parkinson_s_disease,-1.5501811483207398e-07,Parkinson_s_disease,0.004833123916684805,Parkinson_s_disease,236498.0,49591909.0,0.004768882762710345,-6.424115397446039e-05
2006,Parkinson_s_disease,2.2741815210122502e-07,Parkinson_s_disease,0.004833123916684805,Parkinson_s_disease,242749.0,49424521.0,0.00491150941048068,7.838549379587511e-05
2007,Parkinson_s_disease,1.88637110843439e-06,Parkinson_s_disease,0.004833123916684805,Parkinson_s_disease,250475.0,49495216.0,0.00506059009824303,0.000227466181558225
2008,Parkinson_s_disease,4.7266477162384005e-06,Parkinson_s_disease,0.004833123916684805,Parkinson_s_disease,260382.0,50115740.0,0.005195613194577193,0.0003624892778923876
2009,Parkinson_s_disease,1.0024882002716221e-05,Parkinson_s_disease,0.004833123916684805,Parkinson_s_disease,267738.0,49900666.0,0.005365419371356687,0.0005322954546718821
2010,Parkinson_s_disease,1.4531827020978312e-05,Parkinson_s_disease,0.004833123916684805,Parkinson_s_disease,276188.0,50422775.0,0.0054774454599137,0.0006443215432288948
2011,Parkinson_s_disease,2.261006384184078e-05,Parkinson_s_disease,0.004833123916684805,Parkinson_s_disease,284488.0,50413303.0,0.005643113683703684,0.0008099897670188786
2012,Parkinson_s_disease,3.1329008634951286e-05,Parkinson_s_disease,0.004833123916684805,Parkinson_s_disease,293123.0,50597654.0,0.005793213258464513,0.0009600893417797077
2013,Parkinson_s_disease,4.2421966167464345e-05,Parkinson_s_disease,0.004833123916684805,Parkinson_s_disease,303488.0,50931550.0,0.005958742665400915,0.00112561874871611
2014,Parkinson_s_disease,5.3360653096225284e-05,Parkinson_s_disease,0.004833123916684805,Parkinson_s_disease,312928.0,51268375.0,0.006103723786837402,0.0012705998701525965
2015,Parkinson_s_disease,6.167693495858623e-05,Parkinson_s_disease,0.004833123916684805,Parkinson_s_disease,321782.0,51856393.0,0.0062052522627248675,0.0013721283460400623
2016,Parkinson_s_disease,7.164386203680569e-05,Parkinson_s_disease,0.004833123916684805,Parkinson_s_disease,330736.0,52337435.0,0.006319300898104769,0.001486176981419964
2017,Parkinson_s_disease,8.17613801605909e-05,Parkinson_s_disease,0.004833123916684805,Parkinson_s_disease,339343.0,52789758.0,0.006428197681830631,0.0015950737651458258
2018,Parkinson_s_disease,9.489363323252043e-05,Parkinson_s_disease,0.004833123916684805,Parkinson_s_disease,351322.0,53545244.0,0.006561217649881285,0.00172809373319648
2019,Parkinson_s_disease,0.00010648171255260575,Parkinson_s_disease,0.004833123916684805,Parkinson_s_disease,362256.0,54293423.0,0.0066721893736558105,0.0018390654569710053
1990,Acute_hepatitis,8.176094099131677e-05,Acute_hepatitis,0.0026176526420665417,Acute_hepatitis,166343.0,43518516.0,0.0038223500084423835,0.0012046973663758418
1991,Acute_hepatitis,7.315354232864739e-05,Acute_hepatitis,0.0026176526420665417,Acute_hepatitis,165276.0,44059729.0,0.003751180584882853,0.0011335279428163112
1992,Acute_hepatitis,6.51411499381924e-05,Acute_hepatitis,0.0026176526420665417,Acute_hepatitis,163687.0,44459130.0,0.0036817409607430465,0.0010640883186765048
1993,Acute_hepatitis,5.442349184307934e-05,Acute_hepatitis,0.0026176526420665417,Acute_hepatitis,161899.0,45185713.0,0.0035829688025504876,0.0009653161604839459
1994,Acute_hepatitis,4.149860900526077e-05,Acute_hepatitis,0.0026176526420665417,Acute_hepatitis,159423.0,46182613.0,0.0034520134233201574,0.0008343607812536158
1995,Acute_hepatitis,3.7116284748011426e-05,Acute_hepatitis,0.0026176526420665417,Acute_hepatitis,157173.0,46177018.0,0.003403706146637706,0.0007860535045711645
1996,Acute_hepatitis,2.9377651839434182e-05,Acute_hepatitis,0.0026176526420665417,Acute_hepatitis,153406.0,46320827.0,0.0033118147912169185,0.0006941621491503768
1997,Acute_hepatitis,2.4970655416134722e-05,Acute_hepatitis,0.0026176526420665417,Acute_hepatitis,151902.0,46672370.0,0.0032546450930175607,0.000636992450951019
1998,Acute_hepatitis,1.9552237182753193e-05,Acute_hepatitis,0.0026176526420665417,Acute_hepatitis,149563.0,47066088.0,0.0031777232048688644,0.0005600705628023227
1999,Acute_hepatitis,1.3841720060144057e-05,Acute_hepatitis,0.0026176526420665417,Acute_hepatitis,147017.0,47652090.0,0.003085216199331446,0.0004675635572649042
2000,Acute_hepatitis,9.366535167166596e-06,Acute_hepatitis,0.0026176526420665417,Acute_hepatitis,144124.0,48050317.0,0.0029994391087992196,0.00038178646673267796
2001,Acute_hepatitis,5.083554594060378e-06,Acute_hepatitis,0.0026176526420665417,Acute_hepatitis,140143.0,48385692.0,0.0028963727541604653,0.00027872011209392365
2002,Acute_hepatitis,1.3534618820434886e-06,Acute_hepatitis,0.0026176526420665417,Acute_hepatitis,134941.0,48897031.0,0.0027596972094277054,0.00014204456736116372
2003,Acute_hepatitis,6.981497656791257e-08,Acute_hepatitis,0.0026176526420665417,Acute_hepatitis,130158.0,49123952.0,0.002649583241999748,3.1930599933206304e-05
2004,Acute_hepatitis,-3.934888485114155e-08,Acute_hepatitis,0.0026176526420665417,Acute_hepatitis,127953.0,49330171.0,0.002593808158499998,-2.3844483566543874e-05
2005,Acute_hepatitis,-7.373913878918157e-08,Acute_hepatitis,0.0026176526420665417,Acute_hepatitis,128197.0,49591909.0,0.0025850386199087437,-3.2614022157797986e-05
2006,Acute_hepatitis,-6.181023049286615e-07,Acute_hepatitis,0.0026176526420665417,Acute_hepatitis,124737.0,49424521.0,0.002523787736860414,-9.386490520612786e-05
2007,Acute_hepatitis,-2.3867513872043015e-06,Acute_hepatitis,0.0026176526420665417,Acute_hepatitis,120512.0,49495216.0,0.0024348211754445116,-0.00018283146662203013
2008,Acute_hepatitis,-5.609576804447406e-06,Acute_hepatitis,0.0026176526420665417,Acute_hepatitis,117273.0,50115740.0,0.002340043267843596,-0.0002776093742229459
2009,Acute_hepatitis,-9.613557159339177e-06,Acute_hepatitis,0.0026176526420665417,Acute_hepatitis,112643.0,49900666.0,0.0022573446214124676,-0.0003603080206540741
2010,Acute_hepatitis,-1.49245749951896e-05,Acute_hepatitis,0.0026176526420665417,Acute_hepatitis,109556.0,50422775.0,0.0021727483265250674,-0.00044490431554147433
2011,Acute_hepatitis,-1.9412394204533582e-05,Acute_hepatitis,0.0026176526420665417,Acute_hepatitis,106549.0,50413303.0,0.002113509602812575,-0.0005041430392539667
2012,Acute_hepatitis,-2.3392483910748558e-05,Acute_hepatitis,0.0026176526420665417,Acute_hepatitis,104589.0,50597654.0,0.002067072121565162,-0.0005505805205013796
2013,Acute_hepatitis,-3.626866135897781e-05,Acute_hepatitis,0.0026176526420665417,Acute_hepatitis,98898.0,50931550.0,0.0019417826474945293,-0.0006758699945720124
2014,Acute_hepatitis,-5.3295412761289744e-05,Acute_hepatitis,0.0026176526420665417,Acute_hepatitis,92845.0,51268375.0,0.0018109604605178143,-0.0008066921815487274
2015,Acute_hepatitis,-6.892491330111686e-05,Acute_hepatitis,0.0026176526420665417,Acute_hepatitis,88750.0,51856393.0,0.0017114572546532499,-0.0009061953874132918
2016,Acute_hepatitis,-8.573755404642734e-05,Acute_hepatitis,0.0026176526420665417,Acute_hepatitis,84726.0,52337435.0,0.001618841274892436,-0.0009988113671741056
2017,Acute_hepatitis,-9.715703462527813e-05,Acute_hepatitis,0.0026176526420665417,Acute_hepatitis,82472.0,52789758.0,0.001562272742375519,-0.0010553798996910226
2018,Acute_hepatitis,-0.00010835995361237161,Acute_hepatitis,0.0026176526420665417,Acute_hepatitis,80894.0,53545244.0,0.0015107597604747118,-0.0011068928815918299
2019,Acute_hepatitis,-0.00012093805517080067,Acute_hepatitis,0.0026176526420665417,Acute_hepatitis,79099.0,54293423.0,0.0014568799613168615,-0.0011607726807496802
1990,Maternal_disorders,7.85084150468333e-05,Maternal_disorders,0.005317571400179081,Maternal_disorders,302419.0,43518516.0,0.006949202955358128,0.0016316315551790474
1991,Maternal_disorders,6.307308070594006e-05,Maternal_disorders,0.005317571400179081,Maternal_disorders,298271.0,44059729.0,0.006769696654284914,0.001452125254105833
1992,Maternal_disorders,6.002353393580012e-05,Maternal_disorders,0.005317571400179081,Maternal_disorders,299300.0,44459130.0,0.006732025570450884,0.0014144541702718026
1993,Maternal_disorders,4.25251629152417e-05,Maternal_disorders,0.005317571400179081,Maternal_disorders,293564.0,45185713.0,0.006496832306264593,0.0011792609060855119
1994,Maternal_disorders,3.284540028868809e-05,Maternal_disorders,0.005317571400179081,Maternal_disorders,293148.0,46182613.0,0.006347583667472432,0.001030012267293351
1995,Maternal_disorders,2.953967989424407e-05,Maternal_disorders,0.005317571400179081,Maternal_disorders,290551.0,46177018.0,0.006292112669553499,0.0009745412693744184
1996,Maternal_disorders,2.505242731518022e-05,Maternal_disorders,0.005317571400179081,Maternal_disorders,287746.0,46320827.0,0.0062120220781032255,0.0008944506779241445
1997,Maternal_disorders,2.4520635551524646e-05,Maternal_disorders,0.005317571400179081,Maternal_disorders,289467.0,46672370.0,0.006202106299722941,0.0008845348995438597
1998,Maternal_disorders,2.164974970678672e-05,Maternal_disorders,0.005317571400179081,Maternal_disorders,289304.0,47066088.0,0.0061467611244852135,0.0008291897243061326
1999,Maternal_disorders,1.7547311433040353e-05,Maternal_disorders,0.005317571400179081,Maternal_disorders,288836.0,47652090.0,0.0060613500897861985,0.0007437786896071176
2000,Maternal_disorders,1.3749758372692193e-05,Maternal_disorders,0.005317571400179081,Maternal_disorders,287027.0,48050317.0,0.0059734673550644836,0.0006558959548854026
2001,Maternal_disorders,8.745925936382606e-06,Maternal_disorders,0.005317571400179081,Maternal_disorders,282455.0,48385692.0,0.005837572809747146,0.0005200014095680652
2002,Maternal_disorders,3.6279860878128017e-06,Maternal_disorders,0.005317571400179081,Maternal_disorders,276253.0,48897031.0,0.005649688628334101,0.0003321172281550199
2003,Maternal_disorders,9.314908892367184e-07,Maternal_disorders,0.005317571400179081,Maternal_disorders,269425.0,49123952.0,0.005484595376202632,0.0001670239760235507
2004,Maternal_disorders,1.2160715670239778e-07,Maternal_disorders,0.005317571400179081,Maternal_disorders,265279.0,49330171.0,0.005377621739847608,6.005033966852667e-05
2005,Maternal_disorders,6.718721312989595e-09,Maternal_disorders,0.005317571400179081,Maternal_disorders,264407.0,49591909.0,0.0053316560167103065,1.4084616531225523e-05
2006,Maternal_disorders,-1.7689232445498423e-07,Maternal_disorders,0.005317571400179081,Maternal_disorders,259261.0,49424521.0,0.005245594590587939,-7.197680959114203e-05
2007,Maternal_disorders,-1.6006748479710959e-06,Maternal_disorders,0.005317571400179081,Maternal_disorders,252551.0,49495216.0,0.0051025335458683525,-0.00021503785431072845
2008,Maternal_disorders,-4.838753769844214e-06,Maternal_disorders,0.005317571400179081,Maternal_disorders,247899.0,50115740.0,0.004946529772881733,-0.00037104162729734765
2009,Maternal_disorders,-6.362515650483675e-06,Maternal_disorders,0.005317571400179081,Maternal_disorders,244175.0,49900666.0,0.004893221264822397,-0.00042435013535668375
2010,Maternal_disorders,-1.1347786288627075e-05,Maternal_disorders,0.005317571400179081,Maternal_disorders,239749.0,50422775.0,0.004754775991603001,-0.0005627954085760797
2011,Maternal_disorders,-1.5893705033242974e-05,Maternal_disorders,0.005317571400179081,Maternal_disorders,234669.0,50413303.0,0.004654902298308047,-0.0006626691018710336
2012,Maternal_disorders,-2.5224380730732437e-05,Maternal_disorders,0.005317571400179081,Maternal_disorders,227177.0,50597654.0,0.0044898721984224805,-0.0008276992017566005
2013,Maternal_disorders,-3.2181534855423456e-05,Maternal_disorders,0.005317571400179081,Maternal_disorders,223473.0,50931550.0,0.004387712527892829,-0.0009298588722862523
2014,Maternal_disorders,-4.822740822925663e-05,Maternal_disorders,0.005317571400179081,Maternal_disorders,214881.0,51268375.0,0.004191297266589783,-0.0011262741335892976
2015,Maternal_disorders,-6.527177713724864e-05,Maternal_disorders,0.005317571400179081,Maternal_disorders,208450.0,51856393.0,0.004019755095577126,-0.001297816304601955
2016,Maternal_disorders,-7.981793012213414e-05,Maternal_disorders,0.005317571400179081,Maternal_disorders,203737.0,52337435.0,0.0038927585962132078,-0.0014248128039658732
2017,Maternal_disorders,-9.506080678546862e-05,Maternal_disorders,0.005317571400179081,Maternal_disorders,199197.0,52789758.0,0.0037734024088536267,-0.0015441689913254543
2018,Maternal_disorders,-0.00010535059530649381,Maternal_disorders,0.005317571400179081,Maternal_disorders,198069.0,53545244.0,0.003699096039229927,-0.001618475360949154
2019,Maternal_disorders,-0.00011831374250726595,Maternal_disorders,0.005317571400179081,Maternal_disorders,196075.0,54293423.0,0.003611395067133638,-0.001706176333045443
1990,Malaria,3.669021386619681e-05,Malaria,0.017377560361289297,Malaria,840297.0,43518516.0,0.01930895345787986,0.001931393096590562
1991,Malaria,4.3916764686306644e-05,Malaria,0.017377560361289297,Malaria,858984.0,44059729.0,0.019495898397377795,0.0021183380360884976
1992,Malaria,3.500718548071779e-05,Malaria,0.017377560361289297,Malaria,856415.0,44459130.0,0.019262972532301015,0.0018854121710117182
1993,Malaria,2.8736163807349972e-05,Malaria,0.017377560361289297,Malaria,862216.0,45185713.0,0.019081606613134555,0.0017040462518452572
1994,Malaria,1.3296812542343945e-05,Malaria,0.017377560361289297,Malaria,855671.0,46182613.0,0.018527990176735995,0.0011504298154466977
1995,Malaria,1.6993592869326527e-05,Malaria,0.017377560361289297,Malaria,862626.0,46177018.0,0.018680851154139057,0.0013032907928497602
1996,Malaria,2.117612950356415e-05,Malaria,0.017377560361289297,Malaria,872476.0,46320827.0,0.018835501360975268,0.0014579409996859707
1997,Malaria,3.0426912327397504e-05,Malaria,0.017377560361289297,Malaria,892946.0,46672370.0,0.019132218912388636,0.001754658551099339
1998,Malaria,3.1048106410806915e-05,Malaria,0.017377560361289297,Malaria,901338.0,47066088.0,0.019150476240982678,0.0017729158796933805
1999,Malaria,1.8985155868870608e-05,Malaria,0.017377560361289297,Malaria,893788.0,47652090.0,0.0187565330292963,0.001378972668007003
2000,Malaria,9.681682531463467e-06,Malaria,0.017377560361289297,Malaria,882055.0,48050317.0,0.01835690282750892,0.000979342466219623
2001,Malaria,2.1971822342963985e-05,Malaria,0.017377560361289297,Malaria,912709.0,48385692.0,0.018863200303097866,0.001485639941808569
2002,Malaria,2.6204862265992814e-05,Malaria,0.017377560361289297,Malaria,929195.0,48897031.0,0.01900309652747628,0.0016255361661869812
2003,Malaria,4.5520318538403944e-05,Malaria,0.017377560361289297,Malaria,959654.0,49123952.0,0.019535358230135882,0.0021577978688465844
2004,Malaria,4.314239793714485e-05,Malaria,0.017377560361289297,Malaria,960784.0,49330171.0,0.01947659982772004,0.0020990394664307417
2005,Malaria,2.503510865178697e-05,Malaria,0.017377560361289297,Malaria,940540.0,49591909.0,0.018965593762482504,0.0015880334011932062
2006,Malaria,2.78407218353273e-05,Malaria,0.017377560361289297,Malaria,941746.0,49424521.0,0.019054226140097545,0.0016766657788082479
2007,Malaria,2.5970057809565563e-05,Malaria,0.017377560361289297,Malaria,940193.0,49495216.0,0.018995633840652396,0.001618073479363099
2008,Malaria,1.5350098308535053e-05,Malaria,0.017377560361289297,Malaria,932910.0,50115740.0,0.01861510974396467,0.0012375493826753715
2009,Malaria,1.0387230840202145e-05,Malaria,0.017377560361289297,Malaria,917796.0,49900666.0,0.018392459932298297,0.0010148995710090002
2010,Malaria,4.518782286842306e-06,Malaria,0.017377560361289297,Malaria,909814.0,50422775.0,0.018043711398271912,0.0006661510369826151
2011,Malaria,-2.3043742142853563e-07,Malaria,0.017377560361289297,Malaria,868564.0,50413303.0,0.017228865166799327,-0.00014869519448997004
2012,Malaria,-2.2594967067469853e-05,Malaria,0.017377560361289297,Malaria,806183.0,50597654.0,0.01593320907724299,-0.0014443512840463073
2013,Malaria,-7.694803613261878e-05,Malaria,0.017377560361289297,Malaria,751776.0,50931550.0,0.014760516811288878,-0.0026170435500004197
2014,Malaria,-0.0001210946724783332,Malaria,0.017377560361289297,Malaria,724324.0,51268375.0,0.014128085783877488,-0.00324947457741181
2015,Malaria,-0.00017085486082777193,Malaria,0.017377560361289297,Malaria,702890.0,51856393.0,0.013554548616599693,-0.0038230117446896045
2016,Malaria,-0.0002736156205475817,Malaria,0.017377560361289297,Malaria,660364.0,52337435.0,0.012617431480927562,-0.0047601288803617355
2017,Malaria,-0.0003677015576261939,Malaria,0.017377560361289297,Malaria,629653.0,52789758.0,0.011927559887658512,-0.005450000473630786
2018,Malaria,-0.0003876884685359964,Malaria,0.017377560361289297,Malaria,631568.0,53545244.0,0.011795034494566875,-0.005582525866722423
2019,Malaria,-0.0003798262351901475,Malaria,0.017377560361289297,Malaria,643196.0,54293423.0,0.011846665110799884,-0.005530895250489413
1990,Cirrhosis_and_other_chronic_liver_diseases,-3.56065363651683e-05,Cirrhosis_and_other_chronic_liver_diseases,0.025456958991994096,Cirrhosis_and_other_chronic_liver_diseases,1012423.0,43518516.0,0.023264189431459473,-0.002192769560534623
1991,Cirrhosis_and_other_chronic_liver_diseases,-3.4221488797760266e-05,Cirrhosis_and_other_chronic_liver_diseases,0.025456958991994096,Cirrhosis_and_other_chronic_liver_diseases,1026870.0,44059729.0,0.023306316750155227,-0.0021506422418388696
1992,Cirrhosis_and_other_chronic_liver_diseases,-2.9450655706582006e-05,Cirrhosis_and_other_chronic_liver_diseases,0.025456958991994096,Cirrhosis_and_other_chronic_liver_diseases,1042953.0,44459130.0,0.023458691161972803,-0.0019982678300212928
1993,Cirrhosis_and_other_chronic_liver_diseases,-2.4535581395837948e-05,Cirrhosis_and_other_chronic_liver_diseases,0.025456958991994096,Cirrhosis_and_other_chronic_liver_diseases,1067730.0,45185713.0,0.023629814140589084,-0.0018271448514050118
1994,Cirrhosis_and_other_chronic_liver_diseases,-2.570845017465747e-05,Cirrhosis_and_other_chronic_liver_diseases,0.025456958991994096,Cirrhosis_and_other_chronic_liver_diseases,1089331.0,46182613.0,0.02358747002903452,-0.0018694889629595757
1995,Cirrhosis_and_other_chronic_liver_diseases,-1.7343975760252504e-05,Cirrhosis_and_other_chronic_liver_diseases,0.025456958991994096,Cirrhosis_and_other_chronic_liver_diseases,1104380.0,46177018.0,0.023916226032612155,-0.0015407329593819415
1996,Cirrhosis_and_other_chronic_liver_diseases,-1.387880526738342e-05,Cirrhosis_and_other_chronic_liver_diseases,0.025456958991994096,Cirrhosis_and_other_chronic_liver_diseases,1115241.0,46320827.0,0.02407644837601885,-0.001380510615975248
1997,Cirrhosis_and_other_chronic_liver_diseases,-1.1679605937917959e-05,Cirrhosis_and_other_chronic_liver_diseases,0.025456958991994096,Cirrhosis_and_other_chronic_liver_diseases,1128962.0,46672370.0,0.02418908660520132,-0.0012678723867927746
1998,Cirrhosis_and_other_chronic_liver_diseases,-1.0512394085718713e-05,Cirrhosis_and_other_chronic_liver_diseases,0.025456958991994096,Cirrhosis_and_other_chronic_liver_diseases,1141509.0,47066088.0,0.024253322264642007,-0.0012036367273520893
1999,Cirrhosis_and_other_chronic_liver_diseases,-9.488994527560933e-06,Cirrhosis_and_other_chronic_liver_diseases,0.025456958991994096,Cirrhosis_and_other_chronic_liver_diseases,1158552.0,47652090.0,0.02431272164557735,-0.0011442373464167453
2000,Cirrhosis_and_other_chronic_liver_diseases,-6.497730592677775e-06,Cirrhosis_and_other_chronic_liver_diseases,0.025456958991994096,Cirrhosis_and_other_chronic_liver_diseases,1177628.0,48050317.0,0.02450822540879387,-0.0009487335832002279
2001,Cirrhosis_and_other_chronic_liver_diseases,-3.0418505344618845e-06,Cirrhosis_and_other_chronic_liver_diseases,0.025456958991994096,Cirrhosis_and_other_chronic_liver_diseases,1200250.0,48385692.0,0.02480588683117315,-0.0006510721608209459
2002,Cirrhosis_and_other_chronic_liver_diseases,-8.788055310691219e-07,Cirrhosis_and_other_chronic_liver_diseases,0.025456958991994096,Cirrhosis_and_other_chronic_liver_diseases,1227607.0,48897031.0,0.025105961955031585,-0.00035099703696251164
2003,Cirrhosis_and_other_chronic_liver_diseases,4.435916804238898e-09,Cirrhosis_and_other_chronic_liver_diseases,0.025456958991994096,Cirrhosis_and_other_chronic_liver_diseases,1251776.0,49123952.0,0.025481988908384243,2.5029916390147122e-05
2004,Cirrhosis_and_other_chronic_liver_diseases,3.3671269461487666e-07,Cirrhosis_and_other_chronic_liver_diseases,0.025456958991994096,Cirrhosis_and_other_chronic_liver_diseases,1266574.0,49330171.0,0.02567544312789834,0.00021848413590424415
2005,Cirrhosis_and_other_chronic_liver_diseases,2.8263055947344573e-06,Cirrhosis_and_other_chronic_liver_diseases,0.025456958991994096,Cirrhosis_and_other_chronic_liver_diseases,1293978.0,49591909.0,0.026092522471760464,0.0006355634797663677
2006,Cirrhosis_and_other_chronic_liver_diseases,5.051531920268035e-06,Cirrhosis_and_other_chronic_liver_diseases,0.025456958991994096,Cirrhosis_and_other_chronic_liver_diseases,1300281.0,49424521.0,0.026308418851444207,0.0008514598594501106
2007,Cirrhosis_and_other_chronic_liver_diseases,7.654656263012091e-06,Cirrhosis_and_other_chronic_liver_diseases,0.025456958991994096,Cirrhosis_and_other_chronic_liver_diseases,1311974.0,49495216.0,0.026507087068778527,0.0010501280767844304
2008,Cirrhosis_and_other_chronic_liver_diseases,8.284782951317336e-06,Cirrhosis_and_other_chronic_liver_diseases,0.025456958991994096,Cirrhosis_and_other_chronic_liver_diseases,1330568.0,50115740.0,0.02654990228618793,0.001092943294193835
2009,Cirrhosis_and_other_chronic_liver_diseases,1.0035499563255598e-05,Cirrhosis_and_other_chronic_liver_diseases,0.025456958991994096,Cirrhosis_and_other_chronic_liver_diseases,1330408.0,49900666.0,0.02666112712804274,0.001204168136048643
2010,Cirrhosis_and_other_chronic_liver_diseases,8.885447102924813e-06,Cirrhosis_and_other_chronic_liver_diseases,0.025456958991994096,Cirrhosis_and_other_chronic_liver_diseases,1340704.0,50422775.0,0.02658925455808412,0.001132295566090024
2011,Cirrhosis_and_other_chronic_liver_diseases,1.1665692617207624e-05,Cirrhosis_and_other_chronic_liver_diseases,0.025456958991994096,Cirrhosis_and_other_chronic_liver_diseases,1348880.0,50413303.0,0.026756429746331044,0.0012994707543369476
2012,Cirrhosis_and_other_chronic_liver_diseases,1.1857610907876903e-05,Cirrhosis_and_other_chronic_liver_diseases,0.025456958991994096,Cirrhosis_and_other_chronic_liver_diseases,1354358.0,50597654.0,0.026767209404609946,0.0013102504126158501
2013,Cirrhosis_and_other_chronic_liver_diseases,1.0444679592250933e-05,Cirrhosis_and_other_chronic_liver_diseases,0.025456958991994096,Cirrhosis_and_other_chronic_liver_diseases,1359145.0,50931550.0,0.02668571838084645,0.0012287593888523525
2014,Cirrhosis_and_other_chronic_liver_diseases,8.950708354558685e-06,Cirrhosis_and_other_chronic_liver_diseases,0.025456958991994096,Cirrhosis_and_other_chronic_liver_diseases,1363403.0,51268375.0,0.026593450640867787,0.0011364916488736908
2015,Cirrhosis_and_other_chronic_liver_diseases,1.081126515341046e-05,Cirrhosis_and_other_chronic_liver_diseases,0.025456958991994096,Cirrhosis_and_other_chronic_liver_diseases,1384947.0,51856393.0,0.026707353131946526,0.00125039413995243
2016,Cirrhosis_and_other_chronic_liver_diseases,1.2977486506860739e-05,Cirrhosis_and_other_chronic_liver_diseases,0.025456958991994096,Cirrhosis_and_other_chronic_liver_diseases,1404134.0,52337435.0,0.02682848328352354,0.0013715242915294454
2017,Cirrhosis_and_other_chronic_liver_diseases,1.6624536911374974e-05,Cirrhosis_and_other_chronic_liver_diseases,0.025456958991994096,Cirrhosis_and_other_chronic_liver_diseases,1425956.0,52789758.0,0.027011982134867905,0.0015550231428738091
2018,Cirrhosis_and_other_chronic_liver_diseases,1.7134990670384623e-05,Cirrhosis_and_other_chronic_liver_diseases,0.025456958991994096,Cirrhosis_and_other_chronic_liver_diseases,1447651.0,53545244.0,0.02703603330297645,0.0015790743109823542
2019,Cirrhosis_and_other_chronic_liver_diseases,1.7262885816865048e-05,Cirrhosis_and_other_chronic_liver_diseases,0.025456958991994096,Cirrhosis_and_other_chronic_liver_diseases,1468203.0,54293423.0,0.027042004701011393,0.0015850457090172965
1990,Drug_use_disorders,-3.0310553648109346e-05,Drug_use_disorders,0.0017981281412636592,Drug_use_disorders,56133.0,43518516.0,0.001289864755498556,-0.0005082633857651031
1991,Drug_use_disorders,-1.7476183577765314e-05,Drug_use_disorders,0.0017981281412636592,Drug_use_disorders,61890.0,44059729.0,0.001404684082373725,-0.0003934440588899341
1992,Drug_use_disorders,-9.523166472729397e-06,Drug_use_disorders,0.0017981281412636592,Drug_use_disorders,66826.0,44459130.0,0.0015030883420345832,-0.0002950397992290759
1993,Drug_use_disorders,-4.862803144896585e-06,Drug_use_disorders,0.0017981281412636592,Drug_use_disorders,71603.0,45185713.0,0.0015846380469862233,-0.0002134900942774359
1994,Drug_use_disorders,-1.9563193976152824e-06,Drug_use_disorders,0.0017981281412636592,Drug_use_disorders,76717.0,46182613.0,0.0016611662921714716,-0.00013696184909218752
1995,Drug_use_disorders,-4.449192430929045e-07,Drug_use_disorders,0.0017981281412636592,Drug_use_disorders,79985.0,46177018.0,0.0017321387015506284,-6.598943971303077e-05
1996,Drug_use_disorders,-1.1882547561080711e-07,Drug_use_disorders,0.0017981281412636592,Drug_use_disorders,81704.0,46320827.0,0.0017638717892493585,-3.425635201430061e-05
1997,Drug_use_disorders,-8.47044357648482e-08,Drug_use_disorders,0.0017981281412636592,Drug_use_disorders,82572.0,46672370.0,0.0017691837804679727,-2.8944360795686444e-05
1998,Drug_use_disorders,9.394654752382258e-09,Drug_use_disorders,0.0017981281412636592,Drug_use_disorders,85087.0,47066088.0,0.0018078196768764807,9.691535612821496e-06
1999,Drug_use_disorders,1.193067321766353e-07,Drug_use_disorders,0.0017981281412636592,Drug_use_disorders,87336.0,47652090.0,0.0018327842493372274,3.46561080735682e-05
2000,Drug_use_disorders,4.612469480000783e-07,Drug_use_disorders,0.0017981281412636592,Drug_use_disorders,89690.0,48050317.0,0.0018665849800741168,6.845683881045767e-05
2001,Drug_use_disorders,4.414887182171181e-09,Drug_use_disorders,0.0017981281412636592,Drug_use_disorders,87325.0,48385692.0,0.0018047690627220957,6.640921458436495e-06
2002,Drug_use_disorders,-4.301369833359709e-07,Drug_use_disorders,0.0017981281412636592,Drug_use_disorders,84750.0,48897031.0,0.0017332340689560476,-6.489407230761152e-05
2003,Drug_use_disorders,-1.5920442857822838e-06,Drug_use_disorders,0.0017981281412636592,Drug_use_disorders,82250.0,49123952.0,0.0016743359736203635,-0.00012379216764329569
2004,Drug_use_disorders,-2.0174268333972447e-06,Drug_use_disorders,0.0017981281412636592,Drug_use_disorders,81843.0,49330171.0,0.0016590860793894268,-0.00013904206187423233
2005,Drug_use_disorders,-7.306084809234655e-07,Drug_use_disorders,0.0017981281412636592,Drug_use_disorders,84990.0,49591909.0,0.0017137876261226403,-8.434051514101884e-05
2006,Drug_use_disorders,-4.985586353095276e-07,Drug_use_disorders,0.0017981281412636592,Drug_use_disorders,85421.0,49424521.0,0.001728312146919947,-6.981599434371217e-05
2007,Drug_use_disorders,-3.8410322758002636e-07,Drug_use_disorders,0.0017981281412636592,Drug_use_disorders,85962.0,49495216.0,0.0017367739136647064,-6.135422759895271e-05
2008,Drug_use_disorders,-3.747638709534802e-07,Drug_use_disorders,0.0017981281412636592,Drug_use_disorders,87077.0,50115740.0,0.0017375179933489958,-6.061014791466338e-05
2009,Drug_use_disorders,-2.9873357464131514e-07,Drug_use_disorders,0.0017981281412636592,Drug_use_disorders,87025.0,49900666.0,0.0017439646997897784,-5.416344147388076e-05
2010,Drug_use_disorders,-2.6795721860092185e-07,Drug_use_disorders,0.0017981281412636592,Drug_use_disorders,88079.0,50422775.0,0.0017468098493190825,-5.131829194457665e-05
2011,Drug_use_disorders,-7.006321085417992e-08,Drug_use_disorders,0.0017981281412636592,Drug_use_disorders,89322.0,50413303.0,0.001771794242483973,-2.633389877968622e-05
2012,Drug_use_disorders,-8.680037142620573e-11,Drug_use_disorders,0.0017981281412636592,Drug_use_disorders,90934.0,50597654.0,0.0017971979491381161,-9.301921255430202e-07
2013,Drug_use_disorders,3.3797945333122534e-07,Drug_use_disorders,0.0017981281412636592,Drug_use_disorders,94562.0,50931550.0,0.0018566487766423759,5.852063537871671e-05
2014,Drug_use_disorders,1.8565995314107672e-06,Drug_use_disorders,0.0017981281412636592,Drug_use_disorders,99295.0,51268375.0,0.0019367690120859107,0.00013864087082225154
2015,Drug_use_disorders,5.177575885771329e-06,Drug_use_disorders,0.0017981281412636592,Drug_use_disorders,105401.0,51856393.0,0.0020325555616643063,0.00023442742040064718
2016,Drug_use_disorders,1.1740462427530478e-05,Drug_use_disorders,0.0017981281412636592,Drug_use_disorders,112875.0,52337435.0,0.0021566781023945863,0.0003585499611309271
2017,Drug_use_disorders,1.7580676914824464e-05,Drug_use_disorders,0.0017981281412636592,Drug_use_disorders,118324.0,52789758.0,0.0022414196329522858,0.0004432914916886266
2018,Drug_use_disorders,2.2131305636310825e-05,Drug_use_disorders,0.0017981281412636592,Drug_use_disorders,123095.0,53545244.0,0.002298896985136532,0.000500768843872873
2019,Drug_use_disorders,2.7236512235617077e-05,Drug_use_disorders,0.0017981281412636592,Drug_use_disorders,127995.0,54293423.0,0.002357467864938263,0.000559339723674604
1990,Alcohol_use_disorders,-2.2310417722881887e-05,Alcohol_use_disorders,0.003280917165214684,Alcohol_use_disorders,116390.0,43518516.0,0.0026744937718004907,-0.0006064233934141932
1991,Alcohol_use_disorders,-1.4960069530761986e-05,Alcohol_use_disorders,0.003280917165214684,Alcohol_use_disorders,122478.0,44059729.0,0.0027798173701885456,-0.0005010997950261383
1992,Alcohol_use_disorders,-5.898107851757869e-06,Alcohol_use_disorders,0.003280917165214684,Alcohol_use_disorders,131665.0,44459130.0,0.002961483951665271,-0.000319433213549413
1993,Alcohol_use_disorders,-5.169114332852353e-07,Alcohol_use_disorders,0.003280917165214684,Alcohol_use_disorders,143901.0,45185713.0,0.003184657061846075,-9.626010336860873e-05
1994,Alcohol_use_disorders,1.3975471940497628e-07,Alcohol_use_disorders,0.003280917165214684,Alcohol_use_disorders,153859.0,46182613.0,0.0033315351818659546,5.0618016651270744e-05
1995,Alcohol_use_disorders,6.881764220363943e-07,Alcohol_use_disorders,0.003280917165214684,Alcohol_use_disorders,156714.0,46177018.0,0.0033937661370857684,0.0001128489718710845
1996,Alcohol_use_disorders,4.838770842197483e-07,Alcohol_use_disorders,0.003280917165214684,Alcohol_use_disorders,156352.0,46320827.0,0.003375414691969986,9.449752675530195e-05
1997,Alcohol_use_disorders,1.3258316929030492e-07,Alcohol_use_disorders,0.003280917165214684,Alcohol_use_disorders,155429.0,46672370.0,0.003330214428793738,4.929726357905421e-05
1998,Alcohol_use_disorders,8.55173598211267e-08,Alcohol_use_disorders,0.003280917165214684,Alcohol_use_disorders,156282.0,47066088.0,0.003320479917515133,3.95627523004493e-05
1999,Alcohol_use_disorders,4.340874320153321e-07,Alcohol_use_disorders,0.003280917165214684,Alcohol_use_disorders,160606.0,47652090.0,0.0033703873219411784,8.947015672649454e-05
2000,Alcohol_use_disorders,1.6536935365053443e-06,Alcohol_use_disorders,0.003280917165214684,Alcohol_use_disorders,166094.0,48050317.0,0.00345666814227261,0.000175750977057926
2001,Alcohol_use_disorders,3.278439344733735e-06,Alcohol_use_disorders,0.003280917165214684,Alcohol_use_disorders,170787.0,48385692.0,0.003529700474264169,0.00024878330904948504
2002,Alcohol_use_disorders,4.872470133918778e-06,Alcohol_use_disorders,0.003280917165214684,Alcohol_use_disorders,175317.0,48897031.0,0.0035854324161317687,0.00030451525091708485
2003,Alcohol_use_disorders,6.780483920069719e-06,Alcohol_use_disorders,0.003280917165214684,Alcohol_use_disorders,178889.0,49123952.0,0.003641584048449522,0.00036066688323483807
2004,Alcohol_use_disorders,7.426466117210848e-06,Alcohol_use_disorders,0.003280917165214684,Alcohol_use_disorders,180491.0,49330171.0,0.003658835887676124,0.00037791872246144016
2005,Alcohol_use_disorders,7.6246470324737355e-06,Alcohol_use_disorders,0.003280917165214684,Alcohol_use_disorders,181704.0,49591909.0,0.003663984784292131,0.00038306761907744725
2006,Alcohol_use_disorders,5.21935830702403e-06,Alcohol_use_disorders,0.003280917165214684,Alcohol_use_disorders,177747.0,49424521.0,0.00359633227401435,0.0003154151087996662
2007,Alcohol_use_disorders,2.923631174324095e-06,Alcohol_use_disorders,0.003280917165214684,Alcohol_use_disorders,174006.0,49495216.0,0.0035156124987918026,0.00023469533357711866
2008,Alcohol_use_disorders,1.1064429000086934e-06,Alcohol_use_disorders,0.003280917165214684,Alcohol_use_disorders,171613.0,50115740.0,0.0034243333531541187,0.0001434161879394348
2009,Alcohol_use_disorders,1.9896526300793163e-07,Alcohol_use_disorders,0.003280917165214684,Alcohol_use_disorders,166736.0,49900666.0,0.0033413582095277047,6.0441044313020754e-05
2010,Alcohol_use_disorders,-2.7208518846993257e-08,Alcohol_use_disorders,0.003280917165214684,Alcohol_use_disorders,164313.0,50422775.0,0.003258706011321273,-2.221115389341088e-05
2011,Alcohol_use_disorders,-3.555620531299212e-07,Alcohol_use_disorders,0.003280917165214684,Alcohol_use_disorders,161372.0,50413303.0,0.0032009805031025245,-7.993666211215944e-05
2012,Alcohol_use_disorders,-9.61785183301576e-07,Alcohol_use_disorders,0.003280917165214684,Alcohol_use_disorders,159381.0,50597654.0,0.0031499681783665307,-0.0001309489868481532
2013,Alcohol_use_disorders,-1.4803774332472193e-06,Alcohol_use_disorders,0.003280917165214684,Alcohol_use_disorders,158848.0,50931550.0,0.0031188526561630268,-0.00016206450905165712
2014,Alcohol_use_disorders,-1.7079617662520228e-06,Alcohol_use_disorders,0.003280917165214684,Alcohol_use_disorders,159291.0,51268375.0,0.003107003098888935,-0.00017391406632574899
2015,Alcohol_use_disorders,-1.867100456342044e-06,Alcohol_use_disorders,0.003280917165214684,Alcohol_use_disorders,160713.0,51856393.0,0.0030991935748404253,-0.00018172359037425855
2016,Alcohol_use_disorders,-1.9301033376247292e-06,Alcohol_use_disorders,0.003280917165214684,Alcohol_use_disorders,162047.0,52337435.0,0.0030961968235546887,-0.0001847203416599952
2017,Alcohol_use_disorders,-2.2864219800557817e-06,Alcohol_use_disorders,0.003280917165214684,Alcohol_use_disorders,162599.0,52789758.0,0.0030801239892026024,-0.00020079317601208154
2018,Alcohol_use_disorders,-2.0608513590027498e-06,Alcohol_use_disorders,0.003280917165214684,Alcohol_use_disorders,165462.0,53545244.0,0.003090134391767829,-0.00019078277344685476
2019,Alcohol_use_disorders,-2.058014187006509e-06,Alcohol_use_disorders,0.003280917165214684,Alcohol_use_disorders,167781.0,54293423.0,0.003090263805986224,-0.00019065335922845974
1990,Digestive_diseases,-1.6804412414894807e-05,Digestive_diseases,0.044627564202639886,Digestive_diseases,1854392.0,43518516.0,0.04261156331709473,-0.002016000885545155
1991,Digestive_diseases,-1.6781045134684402e-05,Digestive_diseases,0.044627564202639886,Digestive_diseases,1877515.0,44059729.0,0.04261294934428671,-0.002014614858353178
1992,Digestive_diseases,-1.3470295438531297e-05,Digestive_diseases,0.044627564202639886,Digestive_diseases,1903759.0,44459130.0,0.0428204285598931,-0.0018071356427467877
1993,Digestive_diseases,-1.1954854418498302e-05,Digestive_diseases,0.044627564202639886,Digestive_diseases,1939556.0,45185713.0,0.04292409859727122,-0.0017034656053686661
1994,Digestive_diseases,-1.6893762102160054e-05,Digestive_diseases,0.044627564202639886,Digestive_diseases,1967669.0,46182613.0,0.042606272624721345,-0.002021291577918541
1995,Digestive_diseases,-1.1302395319413199e-05,Digestive_diseases,0.044627564202639886,Digestive_diseases,1984263.0,46177018.0,0.04297079122779215,-0.001656772974847738
1996,Digestive_diseases,-9.84585550807451e-06,Digestive_diseases,0.044627564202639886,Digestive_diseases,1995513.0,46320827.0,0.04308025415867467,-0.0015473100439652165
1997,Digestive_diseases,-8.776360313486999e-06,Digestive_diseases,0.044627564202639886,Digestive_diseases,2014659.0,46672370.0,0.043165988785227746,-0.0014615754174121393
1998,Digestive_diseases,-9.049741591827675e-06,Digestive_diseases,0.044627564202639886,Digestive_diseases,2030600.0,47066088.0,0.04314358992402343,-0.0014839742786164553
1999,Digestive_diseases,-9.489006847834152e-06,Digestive_diseases,0.044627564202639886,Digestive_diseases,2054201.0,47652090.0,0.043108308575762366,-0.0015192556268775192
2000,Digestive_diseases,-7.466304149660399e-06,Digestive_diseases,0.044627564202639886,Digestive_diseases,2079551.0,48050317.0,0.04327861146056539,-0.0013489527420744926
2001,Digestive_diseases,-4.641288601041663e-06,Digestive_diseases,0.044627564202639886,Digestive_diseases,2107791.0,48385692.0,0.04356227870007522,-0.0010652855025646626
2002,Digestive_diseases,-2.4853981280199594e-06,Digestive_diseases,0.044627564202639886,Digestive_diseases,2143976.0,48897031.0,0.04384675216783612,-0.0007808120348037628
2003,Digestive_diseases,-5.78870012151074e-07,Digestive_diseases,0.044627564202639886,Digestive_diseases,2173729.0,49123952.0,0.04424988038421664,-0.00037768381842324256
2004,Digestive_diseases,-3.062043924140657e-07,Digestive_diseases,0.044627564202639886,Digestive_diseases,2187927.0,49330171.0,0.04435271469056939,-0.00027484951207049774
2005,Digestive_diseases,2.763538773625486e-07,Digestive_diseases,0.044627564202639886,Digestive_diseases,2226154.0,49591909.0,0.044889459689886106,0.00026189548724622064
2006,Digestive_diseases,1.4426339432891029e-06,Digestive_diseases,0.044627564202639886,Digestive_diseases,2235326.0,49424521.0,0.045227064517226176,0.0005995003145862904
2007,Digestive_diseases,2.956484293406569e-06,Digestive_diseases,0.044627564202639886,Digestive_diseases,2251390.0,49495216.0,0.04548702242253069,0.0008594582198908074
2008,Digestive_diseases,3.0188643876346882e-06,Digestive_diseases,0.044627564202639886,Digestive_diseases,2280070.0,50115740.0,0.04549608566091212,0.0008685214582722367
2009,Digestive_diseases,4.481490149897368e-06,Digestive_diseases,0.044627564202639886,Digestive_diseases,2279806.0,49900666.0,0.04568688522113112,0.0010593210184912313
2010,Digestive_diseases,3.6343829059975173e-06,Digestive_diseases,0.044627564202639886,Digestive_diseases,2298319.0,50422775.0,0.045580970107258076,0.0009534059046181903
2011,Digestive_diseases,6.962488047492833e-06,Digestive_diseases,0.044627564202639886,Digestive_diseases,2316484.0,50413303.0,0.04594985573549902,0.001322291532859135
2012,Digestive_diseases,7.926599677489528e-06,Digestive_diseases,0.044627564202639886,Digestive_diseases,2329472.0,50597654.0,0.04603913058893996,0.0014115663863000713
2013,Digestive_diseases,8.852980142208555e-06,Digestive_diseases,0.044627564202639886,Digestive_diseases,2348963.0,50931550.0,0.0461199983114592,0.0014924341088193155
2014,Digestive_diseases,8.75356281743872e-06,Digestive_diseases,0.044627564202639886,Digestive_diseases,2364063.0,51268375.0,0.046111525867554806,0.0014839616649149207
2015,Digestive_diseases,1.1983295384157479e-05,Digestive_diseases,0.044627564202639886,Digestive_diseases,2404387.0,51856393.0,0.046366259990354514,0.001738695787714628
2016,Digestive_diseases,1.55968708218905e-05,Digestive_diseases,0.044627564202639886,Digestive_diseases,2439649.0,52337435.0,0.04661384341819579,0.001986279215555907
2017,Digestive_diseases,2.1091360974574008e-05,Digestive_diseases,0.044627564202639886,Digestive_diseases,2478029.0,52789758.0,0.04694147300315338,0.0023139088005134922
2018,Digestive_diseases,2.1673606059078514e-05,Digestive_diseases,0.044627564202639886,Digestive_diseases,2515213.0,53545244.0,0.0469736023613974,0.0023460381587575158
2019,Digestive_diseases,2.2328955271879673e-05,Digestive_diseases,0.044627564202639886,Digestive_diseases,2552294.0,54293423.0,0.04700926666568803,0.002381702463048148
1990,Conflict_and_terrorism,1.2464047936864772e-05,Conflict_and_terrorism,0.002259519068200754,Conflict_and_terrorism,116286.0,43518516.0,0.0026721039844281457,0.0004125849162273918
1991,Conflict_and_terrorism,-9.382036531283436e-06,Conflict_and_terrorism,0.002259519068200754,Conflict_and_terrorism,85017.0,44059729.0,0.0019295851774303924,-0.00032993389077036147
1992,Conflict_and_terrorism,-7.427994202463528e-05,Conflict_and_terrorism,0.002259519068200754,Conflict_and_terrorism,62063.0,44459130.0,0.0013959562411590151,-0.0008635628270417387
1993,Conflict_and_terrorism,-7.577042521529008e-05,Conflict_and_terrorism,0.002259519068200754,Conflict_and_terrorism,62733.0,45185713.0,0.0013883370613184747,-0.0008711820068822791
1994,Conflict_and_terrorism,0.0027307022543669257,Conflict_and_terrorism,0.002259519068200754,Conflict_and_terrorism,566082.0,46182613.0,0.012257470143579793,0.00999795107537904
1995,Conflict_and_terrorism,-6.326230649197342e-05,Conflict_and_terrorism,0.002259519068200754,Conflict_and_terrorism,67210.0,46177018.0,0.001455485930252144,-0.0008040331379486098
1996,Conflict_and_terrorism,-1.220946021923252e-05,Conflict_and_terrorism,0.002259519068200754,Conflict_and_terrorism,87324.0,46320827.0,0.0018851995021591475,-0.0003743195660416063
1997,Conflict_and_terrorism,-1.4484993087566912e-06,Conflict_and_terrorism,0.002259519068200754,Conflict_and_terrorism,99263.0,46672370.0,0.002126804359838594,-0.00013271470836215965
1998,Conflict_and_terrorism,2.2173491891515278e-07,Conflict_and_terrorism,0.002259519068200754,Conflict_and_terrorism,108842.0,47066088.0,0.0023125355138927206,5.3016445691966754e-05
1999,Conflict_and_terrorism,3.5567482421855224e-05,Conflict_and_terrorism,0.002259519068200754,Conflict_and_terrorism,141860.0,47652090.0,0.002976994293429732,0.0007174752252289782
2000,Conflict_and_terrorism,4.299721395256351e-06,Conflict_and_terrorism,0.002259519068200754,Conflict_and_terrorism,120011.0,48050317.0,0.0024976109939087395,0.0002380919257079857
2001,Conflict_and_terrorism,-7.620508500872384e-05,Conflict_and_terrorism,0.002259519068200754,Conflict_and_terrorism,67069.0,48385692.0,0.0013861329088772772,-0.0008733861593234766
2002,Conflict_and_terrorism,-8.184172180247497e-05,Conflict_and_terrorism,0.002259519068200754,Conflict_and_terrorism,66414.0,48897031.0,0.0013582419758778402,-0.0009012770923229137
2003,Conflict_and_terrorism,-6.490560757049064e-05,Conflict_and_terrorism,0.002259519068200754,Conflict_and_terrorism,71044.0,49123952.0,0.0014462191478405483,-0.0008132999203602055
2004,Conflict_and_terrorism,-6.799438981213422e-05,Conflict_and_terrorism,0.002259519068200754,Conflict_and_terrorism,70502.0,49330171.0,0.0014291862073618192,-0.0008303328608389347
2005,Conflict_and_terrorism,-0.00011895455599356266,Conflict_and_terrorism,0.002259519068200754,Conflict_and_terrorism,59507.0,49591909.0,0.0011999336424012232,-0.0010595854257995307
2006,Conflict_and_terrorism,-5.4358159916347265e-05,Conflict_and_terrorism,0.002259519068200754,Conflict_and_terrorism,74555.0,49424521.0,0.00150846176131884,-0.0007510573068819138
2007,Conflict_and_terrorism,-6.597606670711372e-05,Conflict_and_terrorism,0.002259519068200754,Conflict_and_terrorism,71286.0,49495216.0,0.0014402604081978348,-0.0008192586600029191
2008,Conflict_and_terrorism,-9.652683129023472e-05,Conflict_and_terrorism,0.002259519068200754,Conflict_and_terrorism,64695.0,50115740.0,0.0012909117973714445,-0.0009686072708293093
2009,Conflict_and_terrorism,-6.702306679600046e-05,Conflict_and_terrorism,0.002259519068200754,Conflict_and_terrorism,71582.0,49900666.0,0.0014344898723395796,-0.0008250291958611742
2010,Conflict_and_terrorism,-0.00015348552865209787,Conflict_and_terrorism,0.002259519068200754,Conflict_and_terrorism,54467.0,50422775.0,0.0010802063154992957,-0.001179312752701458
2011,Conflict_and_terrorism,-0.00010679744597024858,Conflict_and_terrorism,0.002259519068200754,Conflict_and_terrorism,62900.0,50413303.0,0.0012476865481319485,-0.0010118325200688053
2012,Conflict_and_terrorism,-1.2979699703700943e-07,Conflict_and_terrorism,0.002259519068200754,Conflict_and_terrorism,112295.0,50597654.0,0.002219371672844753,-4.01473953560009e-05
2013,Conflict_and_terrorism,1.5881792008599064e-07,Conflict_and_terrorism,0.002259519068200754,Conflict_and_terrorism,117364.0,50931550.0,0.0023043476980378567,4.482862983710284e-05
2014,Conflict_and_terrorism,0.00012153249334294694,Conflict_and_terrorism,0.002259519068200754,Conflict_and_terrorism,187939.0,51268375.0,0.0036657881198692175,0.0014062690516684637
2015,Conflict_and_terrorism,6.115513674923186e-05,Conflict_and_terrorism,0.002259519068200754,Conflict_and_terrorism,167030.0,51856393.0,0.0032210107633209276,0.0009614916951201737
2016,Conflict_and_terrorism,4.651899651273133e-05,Conflict_and_terrorism,0.002259519068200754,Conflict_and_terrorism,161637.0,52337435.0,0.0030883630426290476,0.0008288439744282938
2017,Conflict_and_terrorism,3.588647321582777e-06,Conflict_and_terrorism,0.002259519068200754,Conflict_and_terrorism,130737.0,52789758.0,0.002476559941797801,0.00021704087359704707
2018,Conflict_and_terrorism,-9.286274483025764e-06,Conflict_and_terrorism,0.002259519068200754,Conflict_and_terrorism,103407.0,53545244.0,0.0019312079332386644,-0.00032831113496208943
2019,Conflict_and_terrorism,-0.00013005614194699032,Conflict_and_terrorism,0.002259519068200754,Conflict_and_terrorism,62932.0,54293423.0,0.0011591090876697902,-0.0011004099805309636
1990,Fire__heat__and_hot_substances,8.877114797712477e-06,Fire__heat__and_hot_substances,0.0024682614971321985,Fire__heat__and_hot_substances,123123.0,43518516.0,0.0028292095254351043,0.00036094802830290585
1991,Fire__heat__and_hot_substances,8.123060129942614e-06,Fire__heat__and_hot_substances,0.0024682614971321985,Fire__heat__and_hot_substances,123941.0,44059729.0,0.002813022295257422,0.0003447607981252234
1992,Fire__heat__and_hot_substances,8.051873457998442e-06,Fire__heat__and_hot_substances,0.0024682614971321985,Fire__heat__and_hot_substances,124995.0,44459130.0,0.0028114585238172675,0.00034319702668506903
1993,Fire__heat__and_hot_substances,8.515639715997523e-06,Fire__heat__and_hot_substances,0.0024682614971321985,Fire__heat__and_hot_substances,127493.0,45185713.0,0.0028215334346942803,0.00035327193756208184
1994,Fire__heat__and_hot_substances,7.827601564318573e-06,Fire__heat__and_hot_substances,0.0024682614971321985,Fire__heat__and_hot_substances,129611.0,46182613.0,0.002806489100129523,0.00033822760299732435
1995,Fire__heat__and_hot_substances,6.819107730838211e-06,Fire__heat__and_hot_substances,0.0024682614971321985,Fire__heat__and_hot_substances,128523.0,46177018.0,0.0027832676419252537,0.0003150061447930552
1996,Fire__heat__and_hot_substances,5.025142182584418e-06,Fire__heat__and_hot_substances,0.0024682614971321985,Fire__heat__and_hot_substances,126804.0,46320827.0,0.002737515891069907,0.00026925439393770843
1997,Fire__heat__and_hot_substances,3.9262385203189636e-06,Fire__heat__and_hot_substances,0.0024682614971321985,Fire__heat__and_hot_substances,126274.0,46672370.0,0.0027055407728384055,0.00023727927570620696
1998,Fire__heat__and_hot_substances,2.339141106122791e-06,Fire__heat__and_hot_substances,0.0024682614971321985,Fire__heat__and_hot_substances,124746.0,47066088.0,0.002650443351059897,0.00018218185392769853
1999,Fire__heat__and_hot_substances,2.1430760167867607e-06,Fire__heat__and_hot_substances,0.0024682614971321985,Fire__heat__and_hot_substances,125921.0,47652090.0,0.0026425073905467734,0.00017424589341457491
2000,Fire__heat__and_hot_substances,1.987705022723158e-06,Fire__heat__and_hot_substances,0.0024682614971321985,Fire__heat__and_hot_substances,126659.0,48050317.0,0.0026359659604326857,0.00016770446330048724
2001,Fire__heat__and_hot_substances,1.485187055773252e-06,Fire__heat__and_hot_substances,0.0024682614971321985,Fire__heat__and_hot_substances,126427.0,48385692.0,0.002612900524394691,0.0001446390272624924
2002,Fire__heat__and_hot_substances,7.022041394592576e-07,Fire__heat__and_hot_substances,0.0024682614971321985,Fire__heat__and_hot_substances,125532.0,48897031.0,0.002567272438279535,9.901094114733635e-05
2003,Fire__heat__and_hot_substances,5.964729284747689e-07,Fire__heat__and_hot_substances,0.0024682614971321985,Fire__heat__and_hot_substances,125730.0,49123952.0,0.002559443914447274,9.118241731507571e-05
2004,Fire__heat__and_hot_substances,1.0656267616292985e-07,Fire__heat__and_hot_substances,0.0024682614971321985,Fire__heat__and_hot_substances,123651.0,49330171.0,0.002506599865627873,3.8338368495674686e-05
2005,Fire__heat__and_hot_substances,9.13878075697347e-08,Fire__heat__and_hot_substances,0.0024682614971321985,Fire__heat__and_hot_substances,124166.0,49591909.0,0.002503755199260428,3.549370212822941e-05
2006,Fire__heat__and_hot_substances,-1.5883345685958798e-08,Fire__heat__and_hot_substances,0.0024682614971321985,Fire__heat__and_hot_substances,121265.0,49424521.0,0.002453539205771969,-1.4722291360229345e-05
2007,Fire__heat__and_hot_substances,-1.9863691181327175e-07,Fire__heat__and_hot_substances,0.0024682614971321985,Fire__heat__and_hot_substances,119600.0,49495216.0,0.002416395152210266,-5.18663449219324e-05
2008,Fire__heat__and_hot_substances,-8.769589492077368e-07,Fire__heat__and_hot_substances,0.0024682614971321985,Fire__heat__and_hot_substances,118269.0,50115740.0,0.0023599172635184076,-0.00010834423361379087
2009,Fire__heat__and_hot_substances,-1.4760839781160573e-06,Fire__heat__and_hot_substances,0.0024682614971321985,Fire__heat__and_hot_substances,116177.0,49900666.0,0.002328165319476898,-0.00014009617765530034
2010,Fire__heat__and_hot_substances,-2.4858921633388664e-06,Fire__heat__and_hot_substances,0.0024682614971321985,Fire__heat__and_hot_substances,115329.0,50422775.0,0.0022872402401494167,-0.0001810212569827818
2011,Fire__heat__and_hot_substances,-3.4919948470294202e-06,Fire__heat__and_hot_substances,0.0024682614971321985,Fire__heat__and_hot_substances,113655.0,50413303.0,0.0022544644614934275,-0.00021379703563877096
2012,Fire__heat__and_hot_substances,-4.929326513714388e-06,Fire__heat__and_hot_substances,0.0024682614971321985,Fire__heat__and_hot_substances,112090.0,50597654.0,0.0022153201015999674,-0.0002529413955322311
2013,Fire__heat__and_hot_substances,-5.758839941152216e-06,Fire__heat__and_hot_substances,0.0024682614971321985,Fire__heat__and_hot_substances,111818.0,50931550.0,0.0021954564508639535,-0.000272805046268245
2014,Fire__heat__and_hot_substances,-8.042899041594415e-06,Fire__heat__and_hot_substances,0.0024682614971321985,Fire__heat__and_hot_substances,110102.0,51268375.0,0.002147561727868301,-0.0003206997692638976
2015,Fire__heat__and_hot_substances,-9.290900950967477e-06,Fire__heat__and_hot_substances,0.0024682614971321985,Fire__heat__and_hot_substances,110167.0,51856393.0,0.0021244632267423615,-0.000343798270389837
2016,Fire__heat__and_hot_substances,-1.0798476286471594e-05,Fire__heat__and_hot_substances,0.0024682614971321985,Fire__heat__and_hot_substances,109840.0,52337435.0,0.002098689016762094,-0.0003695724803701047
2017,Fire__heat__and_hot_substances,-1.2759990978179715e-05,Fire__heat__and_hot_substances,0.0024682614971321985,Fire__heat__and_hot_substances,109165.0,52789758.0,0.0020679200688891205,-0.00040034142824307796
2018,Fire__heat__and_hot_substances,-1.2866387582998216e-05,Fire__heat__and_hot_substances,0.0024682614971321985,Fire__heat__and_hot_substances,110642.0,53545244.0,0.002066327310040832,-0.00040193418709136633
2019,Fire__heat__and_hot_substances,-1.430509274781799e-05,Fire__heat__and_hot_substances,0.0024682614971321985,Fire__heat__and_hot_substances,111055.0,54293423.0,0.002045459539362622,-0.0004228019577695763
1990,Self_harm,6.28550271459334e-06,Self_harm,0.01621624244984473,Self_harm,738804.0,43518516.0,0.016976773748443075,0.0007605312985983458
1991,Self_harm,8.097222611623404e-06,Self_harm,0.01621624244984473,Self_harm,752575.0,44059729.0,0.017080790487839816,0.000864548037995086
1992,Self_harm,1.3238377316193586e-05,Self_harm,0.01621624244984473,Self_harm,770286.0,44459130.0,0.01732571015222295,0.001109467702378221
1993,Self_harm,1.8328713348923244e-05,Self_harm,0.01621624244984473,Self_harm,791904.0,45185713.0,0.017525539543881936,0.001309297094037206
1994,Self_harm,2.3586475354388584e-05,Self_harm,0.01621624244984473,Self_harm,817682.0,46182613.0,0.01770540787720262,0.0014891654273578893
1995,Self_harm,2.9499219192253212e-05,Self_harm,0.01621624244984473,Self_harm,825922.0,46177018.0,0.017885996882691733,0.0016697544328470038
1996,Self_harm,2.3585715802706075e-05,Self_harm,0.01621624244984473,Self_harm,820128.0,46320827.0,0.01770538336891092,0.0014891409190661911
1997,Self_harm,2.1188162862478604e-05,Self_harm,0.01621624244984473,Self_harm,822649.0,46672370.0,0.01762603870341275,0.0014097962535680186
1998,Self_harm,2.134689785210028e-05,Self_harm,0.01621624244984473,Self_harm,829842.0,47066088.0,0.01763142073758074,0.0014151782877360117
1999,Self_harm,2.176798714477045e-05,Self_harm,0.01621624244984473,Self_harm,840850.0,47652090.0,0.01764560589052862,0.0014293634406838916
2000,Self_harm,1.6729982964159066e-05,Self_harm,0.01621624244984473,Self_harm,839249.0,48050317.0,0.017466045021097363,0.0012498025712526332
2001,Self_harm,6.055261936846056e-06,Self_harm,0.01621624244984473,Self_harm,820745.0,48385692.0,0.016962555790253037,0.0007463133404083076
2002,Self_harm,1.5353864512748891e-06,Self_harm,0.01621624244984473,Self_harm,811199.0,48897031.0,0.0165899438761425,0.000373701426297772
2003,Self_harm,1.4645916155911097e-06,Self_harm,0.01621624244984473,Self_harm,814533.0,49123952.0,0.01658117815928165,0.0003649357094369192
2004,Self_harm,1.6889367284795209e-06,Self_harm,0.01621624244984473,Self_harm,819290.0,49330171.0,0.016608294343840813,0.0003920518939960829
2005,Self_harm,2.147133401717927e-06,Self_harm,0.01621624244984473,Self_harm,826133.0,49591909.0,0.016658624696218087,0.0004423822463733573
2006,Self_harm,7.237139655924573e-07,Self_harm,0.01621624244984473,Self_harm,814138.0,49424521.0,0.016472349828134905,0.00025610737829017544
2007,Self_harm,-5.04551151539835e-11,Self_harm,0.01621624244984473,Self_harm,802521.0,49495216.0,0.016214112491195108,-2.1299586496215106e-06
2008,Self_harm,-1.021637041855481e-06,Self_harm,0.01621624244984473,Self_harm,797570.0,50115740.0,0.01591456097425679,-0.00030168147558793865
2009,Self_harm,-2.463960502653589e-06,Self_harm,0.01621624244984473,Self_harm,785883.0,49900666.0,0.01574894812025154,-0.0004672943295931896
2010,Self_harm,-4.9250586497019005e-06,Self_harm,0.01621624244984473,Self_harm,784456.0,50422775.0,0.015557572941989012,-0.0006586695078557182
2011,Self_harm,-7.285495782337922e-06,Self_harm,0.01621624244984473,Self_harm,777218.0,50413303.0,0.015416922791192634,-0.0007993196586520961
2012,Self_harm,-1.2846683153055398e-05,Self_harm,0.01621624244984473,Self_harm,767020.0,50597654.0,0.015159200859391623,-0.0010570415904531064
2013,Self_harm,-2.216859708992089e-05,Self_harm,0.01621624244984473,Self_harm,755568.0,50931550.0,0.014834969679893896,-0.0013812727699508334
2014,Self_harm,-3.351367483792099e-05,Self_harm,0.01621624244984473,Self_harm,744751.0,51268375.0,0.01452651854091338,-0.0016897239089313492
2015,Self_harm,-4.244031221087904e-05,Self_harm,0.01621624244984473,Self_harm,742648.0,51856393.0,0.01432124289863354,-0.0018949995512111892
2016,Self_harm,-4.8492984220489745e-05,Self_harm,0.01621624244984473,Self_harm,742925.0,52337435.0,0.014194906571176061,-0.002021335878668668
2017,Self_harm,-5.403414789359299e-05,Self_harm,0.01621624244984473,Self_harm,743620.0,52789758.0,0.014086444571312489,-0.002129797878532241
2018,Self_harm,-5.319054655778487e-05,Self_harm,0.01621624244984473,Self_harm,755125.0,53545244.0,0.01410255969699195,-0.0021136827528527805
2019,Self_harm,-6.080856613022319e-05,Self_harm,0.01621624244984473,Self_harm,758026.0,54293423.0,0.013961654250460502,-0.002254588199384228
1990,Poisonings,5.488081701099471e-06,Poisonings,0.0017805712226982172,Poisonings,87951.0,43518516.0,0.0020210018190877648,0.00024043059638954758
1991,Poisonings,4.317130324943741e-06,Poisonings,0.0017805712226982172,Poisonings,87813.0,44059729.0,0.001993044487404814,0.00021247326470659662
1992,Poisonings,4.163775521087988e-06,Poisonings,0.0017805712226982172,Poisonings,88435.0,44459130.0,0.001989130241639906,0.0002085590189416888
1993,Poisonings,4.298666197588203e-06,Poisonings,0.0017805712226982172,Poisonings,90036.0,45185713.0,0.0019925767244172955,0.0002120055017190783
1994,Poisonings,3.388778892654369e-06,Poisonings,0.0017805712226982172,Poisonings,90897.0,46182613.0,0.001968208251880421,0.0001876370291822038
1995,Poisonings,2.993763813093818e-06,Poisonings,0.0017805712226982172,Poisonings,90353.0,46177018.0,0.0019566659761355745,0.00017609475343735733
1996,Poisonings,1.8522395224688503e-06,Poisonings,0.0017805712226982172,Poisonings,88861.0,46320827.0,0.0019183811204407037,0.0001378098977424865
1997,Poisonings,8.256425000301889e-07,Poisonings,0.0017805712226982172,Poisonings,87371.0,46672370.0,0.0018720069282961204,9.143570559790319e-05
1998,Poisonings,3.7141773470559847e-07,Poisonings,0.0017805712226982172,Poisonings,86679.0,47066088.0,0.0018416444553454284,6.10732326472112e-05
1999,Poisonings,2.714790380678815e-07,Poisonings,0.0017805712226982172,Poisonings,87333.0,47652090.0,0.001832721293021985,5.21500703237678e-05
2000,Poisonings,4.52511146112834e-07,Poisonings,0.0017805712226982172,Poisonings,88799.0,48050317.0,0.001848041918225014,6.747069552679678e-05
2001,Poisonings,4.1887456340994073e-07,Poisonings,0.0017805712226982172,Poisonings,89294.0,48385692.0,0.0018454629108125601,6.489168811434293e-05
2002,Poisonings,3.3980920666107814e-07,Poisonings,0.0017805712226982172,Poisonings,89920.0,48897031.0,0.0018389664599472307,5.839523724901355e-05
2003,Poisonings,4.130519472992836e-07,Poisonings,0.0017805712226982172,Poisonings,90634.0,49123952.0,0.0018450062812535928,6.443505855537567e-05
2004,Poisonings,5.341687658287506e-07,Poisonings,0.0017805712226982172,Poisonings,91455.0,49330171.0,0.001853936407396601,7.33651846983839e-05
2005,Poisonings,5.70736145185211e-07,Poisonings,0.0017805712226982172,Poisonings,92064.0,49591909.0,0.0018564318627056684,7.586064000745119e-05
2006,Poisonings,1.4120131705975736e-07,Poisonings,0.0017805712226982172,Poisonings,89859.0,49424521.0,0.0018181056322225156,3.753440952429846e-05
2007,Poisonings,4.918110524165157e-09,Poisonings,0.0017805712226982172,Poisonings,88475.0,49495216.0,0.0017875464974231045,6.975274724887364e-06
2008,Poisonings,-1.2131365308854065e-08,Poisonings,0.0017805712226982172,Poisonings,88687.0,50115740.0,0.001769643628927758,-1.0927593770459218e-05
2009,Poisonings,-3.688123203096511e-08,Poisonings,0.0017805712226982172,Poisonings,87902.0,49900666.0,0.001761539615523368,-1.903160717484911e-05
2010,Poisonings,-1.8626156846225102e-07,Poisonings,0.0017805712226982172,Poisonings,87632.0,50422775.0,0.001737944807678673,-4.262641501954416e-05
2011,Poisonings,-5.466207117578898e-07,Poisonings,0.0017805712226982172,Poisonings,86099.0,50413303.0,0.0017078627044135554,-7.270851828466182e-05
2012,Poisonings,-1.233558567433639e-06,Poisonings,0.0017805712226982172,Poisonings,84595.0,50597654.0,0.0016719154607444844,-0.00010865576195373278
2013,Poisonings,-2.030875307572706e-06,Poisonings,0.0017805712226982172,Poisonings,83618.0,50931550.0,0.00164177214320004,-0.00013879907949817714
2014,Poisonings,-3.5217653938613775e-06,Poisonings,0.0017805712226982172,Poisonings,81976.0,51268375.0,0.0015989584222242269,-0.0001816128004739903
2015,Poisonings,-5.182768300462251e-06,Poisonings,0.0017805712226982172,Poisonings,80974.0,51856393.0,0.0015615046731075183,-0.00021906654959069887
2016,Poisonings,-6.983450405678463e-06,Poisonings,0.0017805712226982172,Poisonings,79951.0,52337435.0,0.0015276063872828312,-0.000252964835415386
2017,Poisonings,-9.544311614329923e-06,Poisonings,0.0017805712226982172,Poisonings,78484.0,52789758.0,0.001486727785340482,-0.0002938434373577351
2018,Poisonings,-1.1983752001834268e-05,Poisonings,0.0017805712226982172,Poisonings,77805.0,53545244.0,0.0014530702297294602,-0.000327500992968757
2019,Poisonings,-1.4707095729052025e-05,Poisonings,0.0017805712226982172,Poisonings,77081.0,54293423.0,0.001419711555117827,-0.0003608596675803901
1990,Road_injuries_,4.662873787957683e-06,Road_injuries_,0.024763379355490518,Road_injuries_,1112770.0,43518516.0,0.02557003552235099,0.0008066561668604727
1991,Road_injuries_,2.497746629595999e-06,Road_injuries_,0.024763379355490518,Road_injuries_,1117024.0,44059729.0,0.0253524936569628,0.0005891143014722829
1992,Road_injuries_,2.2063630004002046e-06,Road_injuries_,0.024763379355490518,Road_injuries_,1125566.0,44459130.0,0.025316869673338186,0.0005534903178476686
1993,Road_injuries_,1.209818225072042e-06,Road_injuries_,0.024763379355490518,Road_injuries_,1137444.0,45185713.0,0.025172646938203674,0.00040926758271315686
1994,Road_injuries_,3.402582570662452e-07,Road_injuries_,0.024763379355490518,Road_injuries_,1153642.0,46182613.0,0.024980007086216626,0.00021662773072610858
1995,Road_injuries_,1.2615146111569242e-06,Road_injuries_,0.024763379355490518,Road_injuries_,1162799.0,46177018.0,0.025181335875781325,0.00041795652029080754
1996,Road_injuries_,8.360813640514455e-07,Road_injuries_,0.024763379355490518,Road_injuries_,1162809.0,46320827.0,0.025103373046426826,0.0003399936909363084
1997,Road_injuries_,6.543239056415229e-07,Road_injuries_,0.024763379355490518,Road_injuries_,1169798.0,46672370.0,0.025064036816643338,0.0003006574611528201
1998,Road_injuries_,4.956809834893668e-07,Road_injuries_,0.024763379355490518,Road_injuries_,1177827.0,47066088.0,0.02502496064682495,0.0002615812913344326
1999,Road_injuries_,7.436068520219515e-07,Road_injuries_,0.024763379355490518,Road_injuries_,1195303.0,47652090.0,0.025083957492735367,0.00032057813724484935
2000,Road_injuries_,1.5772081009341919e-06,Road_injuries_,0.024763379355490518,Road_injuries_,1212355.0,48050317.0,0.02523094696752989,0.00046756761203937264
2001,Road_injuries_,2.084479921649312e-06,Road_injuries_,0.024763379355490518,Road_injuries_,1224220.0,48385692.0,0.025301281213462857,0.0005379018579723394
2002,Road_injuries_,2.0768355217852747e-06,Road_injuries_,0.024763379355490518,Road_injuries_,1237109.0,48897031.0,0.02530028868214923,0.0005369093266587126
2003,Road_injuries_,3.0013066159107285e-06,Road_injuries_,0.024763379355490518,Road_injuries_,1248216.0,49123952.0,0.025409519168978913,0.0006461398134883951
2004,Road_injuries_,4.028388584885619e-06,Road_injuries_,0.024763379355490518,Road_injuries_,1258547.0,49330171.0,0.025512723237874037,0.00074934388238352
2005,Road_injuries_,4.938771053811415e-06,Road_injuries_,0.024763379355490518,Road_injuries_,1269243.0,49591909.0,0.025593751593631937,0.0008303722381414191
2006,Road_injuries_,5.561610868369299e-06,Road_injuries_,0.024763379355490518,Road_injuries_,1267492.0,49424521.0,0.025645003216116145,0.0008816238606256278
2007,Road_injuries_,6.621017286401697e-06,Road_injuries_,0.024763379355490518,Road_injuries_,1273318.0,49495216.0,0.025726082294498926,0.0009627029390084085
2008,Road_injuries_,5.3428260368941906e-06,Road_injuries_,0.024763379355490518,Road_injuries_,1284333.0,50115740.0,0.025627337838371737,0.0008639584828812191
2009,Road_injuries_,6.065150903529558e-06,Road_injuries_,0.024763379355490518,Road_injuries_,1281669.0,49900666.0,0.025684406697096988,0.0009210273416064702
2010,Road_injuries_,2.5813371731372103e-06,Road_injuries_,0.024763379355490518,Road_injuries_,1278839.0,50422775.0,0.02536232882858986,0.0005989494730993423
2011,Road_injuries_,1.0627928335648295e-06,Road_injuries_,0.024763379355490518,Road_injuries_,1267737.0,50413303.0,0.025146874427172526,0.0003834950716820086
2012,Road_injuries_,1.74933318821847e-08,Road_injuries_,0.024763379355490518,Road_injuries_,1255450.0,50597654.0,0.024812415215930764,4.903586044024619e-05
2013,Road_injuries_,-2.3912183158814027e-06,Road_injuries_,0.024763379355490518,Road_injuries_,1232221.0,50931550.0,0.024193667775671467,-0.0005697115798190509
2014,Road_injuries_,-8.753998966978219e-06,Road_injuries_,0.024763379355490518,Road_injuries_,1213989.0,51268375.0,0.023679100420093285,-0.001084278935397233
2015,Road_injuries_,-1.9151630723249148e-05,Road_injuries_,0.024763379355490518,Road_injuries_,1201418.0,51856393.0,0.023168175233476033,-0.0015952041220144847
2016,Road_injuries_,-2.9087454110431673e-05,Road_injuries_,0.024763379355490518,Road_injuries_,1193556.0,52337435.0,0.022805015186548594,-0.0019583641689419236
2017,Road_injuries_,-3.876628092350004e-05,Road_injuries_,0.024763379355490518,Road_injuries_,1188281.0,52789758.0,0.022509688337650647,-0.0022536910178398706
2018,Road_injuries_,-4.518875452726276e-05,Road_injuries_,0.024763379355490518,Road_injuries_,1195919.0,53545244.0,0.022334738076830875,-0.0024286412786596427
2019,Road_injuries_,-5.8565911220981814e-05,Road_injuries_,0.024763379355490518,Road_injuries_,1194907.0,54293423.0,0.02200831949755682,-0.002755059857933697
1990,Exposure_to_forces_of_nature,2.850621254080482e-06,Exposure_to_forces_of_nature,0.0010227769203308514,Exposure_to_forces_of_nature,50216.0,43518516.0,0.001153899641246958,0.00013112272091610655
1991,Exposure_to_forces_of_nature,0.0005341802514517823,Exposure_to_forces_of_nature,0.0010227769203308514,Exposure_to_forces_of_nature,156552.0,44059729.0,0.003553176643460517,0.0025303997231296655
1992,Exposure_to_forces_of_nature,-0.0001681553770936836,Exposure_to_forces_of_nature,0.0010227769203308514,Exposure_to_forces_of_nature,12030.0,44459130.0,0.0002705855917558441,-0.0007521913285750074
1993,Exposure_to_forces_of_nature,-7.464687081641712e-05,Exposure_to_forces_of_nature,0.0010227769203308514,Exposure_to_forces_of_nature,21369.0,45185713.0,0.00047291496761376765,-0.0005498619527170838
1994,Exposure_to_forces_of_nature,-0.00016517650680935594,Exposure_to_forces_of_nature,0.0010227769203308514,Exposure_to_forces_of_nature,12717.0,46182613.0,0.0002753633710591473,-0.0007474135492717041
1995,Exposure_to_forces_of_nature,-9.559482431954254e-05,Exposure_to_forces_of_nature,0.0010227769203308514,Exposure_to_forces_of_nature,19169.0,46177018.0,0.00041511991961022687,-0.0006076570007206246
1996,Exposure_to_forces_of_nature,-0.00013900035509671933,Exposure_to_forces_of_nature,0.0010227769203308514,Exposure_to_forces_of_nature,14866.0,46320827.0,0.0003209355480635093,-0.0007018413722673421
1997,Exposure_to_forces_of_nature,-0.00010920066196257774,Exposure_to_forces_of_nature,0.0010227769203308514,Exposure_to_forces_of_nature,17852.0,46672370.0,0.00038249611065390506,-0.0006402808096769464
1998,Exposure_to_forces_of_nature,-1.3436320282859014e-12,Exposure_to_forces_of_nature,0.0010227769203308514,Exposure_to_forces_of_nature,48134.0,47066088.0,0.0010226896274022179,-8.729292863356684e-08
1999,Exposure_to_forces_of_nature,2.796234618506873e-05,Exposure_to_forces_of_nature,0.0010227769203308514,Exposure_to_forces_of_nature,69591.0,47652090.0,0.0014603976446783342,0.0004376207243474827
2000,Exposure_to_forces_of_nature,-0.00023034156564481263,Exposure_to_forces_of_nature,0.0010227769203308514,Exposure_to_forces_of_nature,8918.0,48050317.0,0.0001855971106288435,-0.0008371798097020079
2001,Exposure_to_forces_of_nature,-3.8128266694266346e-05,Exposure_to_forces_of_nature,0.0010227769203308514,Exposure_to_forces_of_nature,29497.0,48385692.0,0.0006096223652231738,-0.0004131545551076776
2002,Exposure_to_forces_of_nature,-0.00023327135106364447,Exposure_to_forces_of_nature,0.0010227769203308514,Exposure_to_forces_of_nature,8908.0,48897031.0,0.00018217875028035956,-0.0008405981700504918
2003,Exposure_to_forces_of_nature,-1.8776618960695968e-05,Exposure_to_forces_of_nature,0.0010227769203308514,Exposure_to_forces_of_nature,35474.0,49123952.0,0.0007221324538384046,-0.00030064446649244686
2004,Exposure_to_forces_of_nature,0.001000832877999033,Exposure_to_forces_of_nature,0.0010227769203308514,Exposure_to_forces_of_nature,242430.0,49330171.0,0.004914436643651611,0.003891659723320759
2005,Exposure_to_forces_of_nature,7.626267272395224e-05,Exposure_to_forces_of_nature,0.0010227769203308514,Exposure_to_forces_of_nature,88718.0,49591909.0,0.0017889611791310554,0.000766184258800204
2006,Exposure_to_forces_of_nature,-0.0001004891143400544,Exposure_to_forces_of_nature,0.0010227769203308514,Exposure_to_forces_of_nature,19918.0,49424521.0,0.000402998341653124,-0.0006197785786777275
2007,Exposure_to_forces_of_nature,-0.00013564061086972283,Exposure_to_forces_of_nature,0.0010227769203308514,Exposure_to_forces_of_nature,16200.0,49495216.0,0.0003273043600819926,-0.0006954725602488588
2008,Exposure_to_forces_of_nature,0.0009249356796074295,Exposure_to_forces_of_nature,0.0010227769203308514,Exposure_to_forces_of_nature,235751.0,50115740.0,0.004704130877843967,0.0036813539575131153
2009,Exposure_to_forces_of_nature,-0.00020291763919913212,Exposure_to_forces_of_nature,0.0010227769203308514,Exposure_to_forces_of_nature,10975.0,49900666.0,0.00021993694432855866,-0.0008028399760022927
2010,Exposure_to_forces_of_nature,0.0009520466644255543,Exposure_to_forces_of_nature,0.0010227769203308514,Exposure_to_forces_of_nature,241002.0,50422775.0,0.004779625873427236,0.0037568489530963845
2011,Exposure_to_forces_of_nature,-3.3643489081812406e-05,Exposure_to_forces_of_nature,0.0010227769203308514,Exposure_to_forces_of_nature,31850.0,50413303.0,0.0006317776877265908,-0.00039099923260426067
2012,Exposure_to_forces_of_nature,-0.00023772908122137845,Exposure_to_forces_of_nature,0.0010227769203308514,Exposure_to_forces_of_nature,8959.0,50597654.0,0.00017706354527820598,-0.0008457133750526455
2013,Exposure_to_forces_of_nature,-5.786626236905994e-05,Exposure_to_forces_of_nature,0.0010227769203308514,Exposure_to_forces_of_nature,26906.0,50931550.0,0.0005282776589363567,-0.0004944992613944947
2014,Exposure_to_forces_of_nature,-0.00026830456706848876,Exposure_to_forces_of_nature,0.0010227769203308514,Exposure_to_forces_of_nature,7412.0,51268375.0,0.00014457255569344648,-0.000878204364637405
2015,Exposure_to_forces_of_nature,-0.00015025641869299621,Exposure_to_forces_of_nature,0.0010227769203308514,Exposure_to_forces_of_nature,15583.0,51856393.0,0.00030050296787900385,-0.0007222739524518476
2016,Exposure_to_forces_of_nature,-0.0002479672804831818,Exposure_to_forces_of_nature,0.0010227769203308514,Exposure_to_forces_of_nature,8672.0,52337435.0,0.0001656940199686897,-0.0008570829003621617
2017,Exposure_to_forces_of_nature,-0.00018013487334351026,Exposure_to_forces_of_nature,0.0010227769203308514,Exposure_to_forces_of_nature,13309.0,52789758.0,0.000252113298189395,-0.0007706636221414564
2018,Exposure_to_forces_of_nature,-0.0002128681851283786,Exposure_to_forces_of_nature,0.0010227769203308514,Exposure_to_forces_of_nature,11082.0,53545244.0,0.00020696516015502703,-0.0008158117601758245
2019,Exposure_to_forces_of_nature,-0.00030382674799311535,Exposure_to_forces_of_nature,0.0010227769203308514,Exposure_to_forces_of_nature,6072.0,54293423.0,0.00011183675046607395,-0.0009109401698647775
1990,Interpersonal_violence,-4.803286984457155e-07,Interpersonal_violence,0.00871116349147639,Interpersonal_violence,372497.0,43518516.0,0.00855950602727354,-0.00015165746420284926
1991,Interpersonal_violence,-1.6006097045261125e-10,Interpersonal_violence,0.00871116349147639,Interpersonal_violence,383689.0,44059729.0,0.008708383113296045,-2.7803781803455163e-06
1992,Interpersonal_violence,4.038176739071882e-06,Interpersonal_violence,0.00871116349147639,Interpersonal_violence,407176.0,44459130.0,0.009158433824503539,0.00044727033302714887
1993,Interpersonal_violence,1.487496926071396e-05,Interpersonal_violence,0.00871116349147639,Interpersonal_violence,432858.0,45185713.0,0.009579532362364184,0.0008683688708877937
1994,Interpersonal_violence,1.4560093633227307e-05,Interpersonal_violence,0.00871116349147639,Interpersonal_violence,441971.0,46182613.0,0.00957007348198336,0.0008589099905069696
1995,Interpersonal_violence,1.6275717304021955e-05,Interpersonal_violence,0.00871116349147639,Interpersonal_violence,444246.0,46177018.0,0.00962049996385648,0.0009093364723800901
1996,Interpersonal_violence,7.922112323863965e-06,Interpersonal_violence,0.00871116349147639,Interpersonal_violence,432673.0,46320827.0,0.009340787460465677,0.0006296239689892874
1997,Interpersonal_violence,3.988725942015935e-06,Interpersonal_violence,0.00871116349147639,Interpersonal_violence,427316.0,46672370.0,0.009155652477043698,0.00044448898556730815
1998,Interpersonal_violence,4.398958668246723e-06,Interpersonal_violence,0.00871116349147639,Interpersonal_violence,431984.0,47066088.0,0.009178243154604224,0.00046707966312783435
1999,Interpersonal_violence,5.76881184049193e-06,Interpersonal_violence,0.00871116349147639,Interpersonal_violence,440642.0,47652090.0,0.009247065553682954,0.0005359020622065641
2000,Interpersonal_violence,8.747430546972697e-06,Interpersonal_violence,0.00871116349147639,Interpersonal_violence,450393.0,48050317.0,0.00937336167834231,0.0006621981868659196
2001,Interpersonal_violence,7.541027915028024e-06,Interpersonal_violence,0.00871116349147639,Interpersonal_violence,451206.0,48385692.0,0.009325194729053373,0.0006140312375769834
2002,Interpersonal_violence,1.0993897136009085e-05,Interpersonal_violence,0.00871116349147639,Interpersonal_violence,462331.0,48897031.0,0.00945519575615951,0.0007440322646831195
2003,Interpersonal_violence,2.9590702344374302e-06,Interpersonal_violence,0.00871116349147639,Interpersonal_violence,446701.0,49123952.0,0.009093344118567659,0.00038218062709126886
2004,Interpersonal_violence,1.0407297509673808e-06,Interpersonal_violence,0.00871116349147639,Interpersonal_violence,440855.0,49330171.0,0.00893682286242227,0.0002256593709458795
2005,Interpersonal_violence,1.3026100003074839e-07,Interpersonal_violence,0.00871116349147639,Interpersonal_violence,435946.0,49591909.0,0.008790667848660555,7.950435718416526e-05
2006,Interpersonal_violence,-8.656459730250972e-08,Interpersonal_violence,0.00871116349147639,Interpersonal_violence,427355.0,49424521.0,0.008646618952564052,-6.454453891233808e-05
2007,Interpersonal_violence,-1.0616744850884633e-06,Interpersonal_violence,0.00871116349147639,Interpersonal_violence,420025.0,49495216.0,0.00848617369403944,-0.0002249897974369499
2008,Interpersonal_violence,-1.5871634937135866e-06,Interpersonal_violence,0.00871116349147639,Interpersonal_violence,422800.0,50115740.0,0.008436471256335834,-0.0002746922351405563
2009,Interpersonal_violence,-1.2023578220132233e-06,Interpersonal_violence,0.00871116349147639,Interpersonal_violence,422750.0,49900666.0,0.008471830816847215,-0.00023933267462917553
2010,Interpersonal_violence,-3.965578744240527e-06,Interpersonal_violence,0.00871116349147639,Interpersonal_violence,417449.0,50422775.0,0.00827897710905439,-0.00043218638242199965
2011,Interpersonal_violence,-5.360036831575431e-06,Interpersonal_violence,0.00871116349147639,Interpersonal_violence,413880.0,50413303.0,0.008209737814639918,-0.0005014256768364721
2012,Interpersonal_violence,-4.4200664362124766e-06,Interpersonal_violence,0.00871116349147639,Interpersonal_violence,417694.0,50597654.0,0.008255204875704317,-0.0004559586157720733
2013,Interpersonal_violence,-6.486702347648836e-06,Interpersonal_violence,0.00871116349147639,Interpersonal_violence,415620.0,50931550.0,0.00816036425359134,-0.0005507992378850496
2014,Interpersonal_violence,-9.038749643157124e-06,Interpersonal_violence,0.00871116349147639,Interpersonal_violence,413371.0,51268375.0,0.008062884770582255,-0.0006482787208941347
2015,Interpersonal_violence,-1.0024808701642162e-05,Interpersonal_violence,0.00871116349147639,Interpersonal_violence,416362.0,51856393.0,0.008029135385486608,-0.0006820281059897824
2016,Interpersonal_violence,-1.4966908676061362e-05,Interpersonal_violence,0.00871116349147639,Interpersonal_violence,412500.0,52337435.0,0.007881547882505132,-0.0008296156089712577
2017,Interpersonal_violence,-1.4221367530269915e-05,Interpersonal_violence,0.00871116349147639,Interpersonal_violence,417143.0,52789758.0,0.007901968408341634,-0.0008091950831347564
2018,Interpersonal_violence,-1.6945760675204067e-05,Interpersonal_violence,0.00871116349147639,Interpersonal_violence,419249.0,53545244.0,0.007829808376631919,-0.0008813551148444711
2019,Interpersonal_violence,-2.7761300965218033e-05,Interpersonal_violence,0.00871116349147639,Interpersonal_violence,412164.0,54293423.0,0.007591416735688225,-0.0011197467557881651
1990,Environmental_heat_and_cold_exposure,2.0299408758370633e-07,Environmental_heat_and_cold_exposure,0.0012280231369405656,Environmental_heat_and_cold_exposure,55072.0,43518516.0,0.0012654843285556888,3.746119161512321e-05
1991,Environmental_heat_and_cold_exposure,4.812243851296117e-07,Environmental_heat_and_cold_exposure,0.0012280231369405656,Environmental_heat_and_cold_exposure,56658.0,44059729.0,0.001285936189031031,5.7913052090465336e-05
1992,Environmental_heat_and_cold_exposure,2.0124995499144895e-06,Environmental_heat_and_cold_exposure,0.0012280231369405656,Environmental_heat_and_cold_exposure,59926.0,44459130.0,0.0013478896235711315,0.00011986648663056586
1993,Environmental_heat_and_cold_exposure,8.37954466371285e-06,Environmental_heat_and_cold_exposure,0.0012280231369405656,Environmental_heat_and_cold_exposure,66812.0,45185713.0,0.0014786089576588068,0.0002505858207182412
1994,Environmental_heat_and_cold_exposure,1.4751380807969706e-05,Environmental_heat_and_cold_exposure,0.0012280231369405656,Environmental_heat_and_cold_exposure,72305.0,46182613.0,0.0015656325032972907,0.0003376093663567251
1995,Environmental_heat_and_cold_exposure,1.5360547897450678e-05,Environmental_heat_and_cold_exposure,0.0012280231369405656,Environmental_heat_and_cold_exposure,72635.0,46177018.0,0.0015729686139542402,0.0003449454770136746
1996,Environmental_heat_and_cold_exposure,7.195545024758779e-06,Environmental_heat_and_cold_exposure,0.0012280231369405656,Environmental_heat_and_cold_exposure,67602.0,46320827.0,0.0014594299018020555,0.00023140676486148987
1997,Environmental_heat_and_cold_exposure,2.703415108678738e-06,Environmental_heat_and_cold_exposure,0.0012280231369405656,Environmental_heat_and_cold_exposure,63823.0,46672370.0,0.00136746859008874,0.00013944545314817434
1998,Environmental_heat_and_cold_exposure,3.1155597083992094e-06,Environmental_heat_and_cold_exposure,0.0012280231369405656,Environmental_heat_and_cold_exposure,64858.0,47066088.0,0.0013780197750873197,0.00014999663814675409
1999,Environmental_heat_and_cold_exposure,1.4653079617533822e-06,Environmental_heat_and_cold_exposure,0.0012280231369405656,Environmental_heat_and_cold_exposure,63375.0,47652090.0,0.0013299521594960474,0.00010192902255548174
2000,Environmental_heat_and_cold_exposure,2.504857776176086e-06,Environmental_heat_and_cold_exposure,0.0012280231369405656,Environmental_heat_and_cold_exposure,65450.0,48050317.0,0.0013621138024958296,0.00013409066555526402
2001,Environmental_heat_and_cold_exposure,3.171323219642512e-06,Environmental_heat_and_cold_exposure,0.0012280231369405656,Environmental_heat_and_cold_exposure,66743.0,48385692.0,0.0013793953799400038,0.00015137224299943816
2002,Environmental_heat_and_cold_exposure,5.558432753074996e-06,Environmental_heat_and_cold_exposure,0.0012280231369405656,Environmental_heat_and_cold_exposure,69939.0,48897031.0,0.0014303322424627377,0.00020230910552217207
2003,Environmental_heat_and_cold_exposure,7.510390741227014e-06,Environmental_heat_and_cold_exposure,0.0012280231369405656,Environmental_heat_and_cold_exposure,71950.0,49123952.0,0.0014646622893858376,0.00023663915244527198
2004,Environmental_heat_and_cold_exposure,2.4685910611720765e-06,Environmental_heat_and_cold_exposure,0.0012280231369405656,Environmental_heat_and_cold_exposure,67144.0,49330171.0,0.0013611142762914809,0.00013309113935091525
2005,Environmental_heat_and_cold_exposure,3.150956187384915e-06,Environmental_heat_and_cold_exposure,0.0012280231369405656,Environmental_heat_and_cold_exposure,68382.0,49591909.0,0.0013788942869692716,0.00015087115002870594
2006,Environmental_heat_and_cold_exposure,9.020224544176579e-07,Environmental_heat_and_cold_exposure,0.0012280231369405656,Environmental_heat_and_cold_exposure,64630.0,49424521.0,0.0013076505081354253,7.962737119485966e-05
2007,Environmental_heat_and_cold_exposure,-5.926746843308514e-08,Environmental_heat_and_cold_exposure,0.0012280231369405656,Environmental_heat_and_cold_exposure,59791.0,49495216.0,0.001208015740349532,-2.0007396591033722e-05
2008,Environmental_heat_and_cold_exposure,-8.621832682652076e-07,Environmental_heat_and_cold_exposure,0.0012280231369405656,Environmental_heat_and_cold_exposure,57763.0,50115740.0,0.0011525919800845004,-7.543115685606518e-05
2009,Environmental_heat_and_cold_exposure,-2.5863091572704206e-06,Environmental_heat_and_cold_exposure,0.0012280231369405656,Environmental_heat_and_cold_exposure,54835.0,49900666.0,0.00109888312913499,-0.00012914000780557566
2010,Environmental_heat_and_cold_exposure,-6.251724809351689e-07,Environmental_heat_and_cold_exposure,0.0012280231369405656,Environmental_heat_and_cold_exposure,58674.0,50422775.0,0.001163640834920331,-6.438230202023454e-05
2011,Environmental_heat_and_cold_exposure,-6.655626307687526e-06,Environmental_heat_and_cold_exposure,0.0012280231369405656,Environmental_heat_and_cold_exposure,51638.0,50413303.0,0.0010242931315172902,-0.00020373000542327538
2012,Environmental_heat_and_cold_exposure,-7.2208034271983076e-06,Environmental_heat_and_cold_exposure,0.0012280231369405656,Environmental_heat_and_cold_exposure,51418.0,50597654.0,0.0010162131232408522,-0.00021181001369971345
2013,Environmental_heat_and_cold_exposure,-1.0774682386914595e-05,Environmental_heat_and_cold_exposure,0.0012280231369405656,Environmental_heat_and_cold_exposure,49503.0,50931550.0,0.0009719515702938552,-0.0002560715666467104
2014,Environmental_heat_and_cold_exposure,-1.2700920373634304e-05,Environmental_heat_and_cold_exposure,0.0012280231369405656,Environmental_heat_and_cold_exposure,48775.0,51268375.0,0.0009513662174781237,-0.00027665691946244196
2015,Environmental_heat_and_cold_exposure,-8.721827481246379e-06,Environmental_heat_and_cold_exposure,0.0012280231369405656,Environmental_heat_and_cold_exposure,51665.0,51856393.0,0.0009963091725257482,-0.00023171396441481746
2016,Environmental_heat_and_cold_exposure,-1.7419660787235615e-05,Environmental_heat_and_cold_exposure,0.0012280231369405656,Environmental_heat_and_cold_exposure,47495.0,52337435.0,0.0009074766464959546,-0.00032054649044461103
2017,Environmental_heat_and_cold_exposure,-2.126237089931293e-05,Environmental_heat_and_cold_exposure,0.0012280231369405656,Environmental_heat_and_cold_exposure,46276.0,52789758.0,0.0008766094362470841,-0.0003514137006934815
2018,Environmental_heat_and_cold_exposure,-2.2939551314871053e-05,Environmental_heat_and_cold_exposure,0.0012280231369405656,Environmental_heat_and_cold_exposure,46272.0,53545244.0,0.0008641663860939732,-0.00036385675084659244
2019,Environmental_heat_and_cold_exposure,-2.165802994481597e-05,Environmental_heat_and_cold_exposure,0.0012280231369405656,Environmental_heat_and_cold_exposure,47432.0,54293423.0,0.0008736233116117951,-0.00035439982532877053
1990,Chronic_respiratory_diseases,-9.316671782343936e-08,Chronic_respiratory_diseases,0.07125939952697236,Chronic_respiratory_diseases,3092759.0,43518516.0,0.07106765772987296,-0.00019174179709939565
1991,Chronic_respiratory_diseases,9.669258415244354e-08,Chronic_respiratory_diseases,0.07125939952697236,Chronic_respiratory_diseases,3148288.0,44059729.0,0.07145500145949604,0.00019560193252368685
1992,Chronic_respiratory_diseases,2.003855949012014e-06,Chronic_respiratory_diseases,0.07125939952697236,Chronic_respiratory_diseases,3207816.0,44459130.0,0.07215201916906606,0.0008926196420937088
1993,Chronic_respiratory_diseases,2.6843331071348966e-06,Chronic_respiratory_diseases,0.07125939952697236,Chronic_respiratory_diseases,3266612.0,45185713.0,0.07229302766562519,0.001033628138652834
1994,Chronic_respiratory_diseases,4.774927651863235e-08,Chronic_respiratory_diseases,0.07125939952697236,Chronic_respiratory_diseases,3297292.0,46182613.0,0.07139682633375466,0.00013742680678230368
1995,Chronic_respiratory_diseases,6.120621983134894e-07,Chronic_respiratory_diseases,0.07125939952697236,Chronic_respiratory_diseases,3313295.0,46177018.0,0.07175203474594223,0.0004926352189698752
1996,Chronic_respiratory_diseases,2.047553640084816e-06,Chronic_respiratory_diseases,0.07125939952697236,Chronic_respiratory_diseases,3342591.0,46320827.0,0.07216172975495451,0.0009023302279821538
1997,Chronic_respiratory_diseases,3.6164195106311086e-06,Chronic_respiratory_diseases,0.07125939952697236,Chronic_respiratory_diseases,3381872.0,46672370.0,0.07245983008790854,0.0012004305609361887
1998,Chronic_respiratory_diseases,2.56215148457565e-06,Chronic_respiratory_diseases,0.07125939952697236,Chronic_respiratory_diseases,3401426.0,47066088.0,0.07226914631188383,0.001009746784911475
1999,Chronic_respiratory_diseases,6.371747799665693e-07,Chronic_respiratory_diseases,0.07125939952697236,Chronic_respiratory_diseases,3419612.0,47652090.0,0.07176205702625006,0.0005026574992777061
2000,Chronic_respiratory_diseases,7.364213344053408e-07,Chronic_respiratory_diseases,0.07125939952697236,Chronic_respiratory_diseases,3450006.0,48050317.0,0.07179985930165664,0.0005404597746842821
2001,Chronic_respiratory_diseases,3.4528519871575617e-07,Chronic_respiratory_diseases,0.07125939952697236,Chronic_respiratory_diseases,3465831.0,48385692.0,0.07162925354048878,0.0003698540135164269
2002,Chronic_respiratory_diseases,3.727621636515565e-08,Chronic_respiratory_diseases,0.07125939952697236,Chronic_respiratory_diseases,3490310.0,48897031.0,0.07138081655714434,0.00012141703017198857
2003,Chronic_respiratory_diseases,-8.318016997920213e-08,Chronic_respiratory_diseases,0.07125939952697236,Chronic_respiratory_diseases,3491643.0,49123952.0,0.07107821862540702,-0.00018118090156533928
2004,Chronic_respiratory_diseases,-2.875671114060214e-06,Chronic_respiratory_diseases,0.07125939952697236,Chronic_respiratory_diseases,3462850.0,49330171.0,0.07019740515393713,-0.0010619943730352244
2005,Chronic_respiratory_diseases,-3.1047281467564618e-06,Chronic_respiratory_diseases,0.07125939952697236,Chronic_respiratory_diseases,3479174.0,49591909.0,0.07015608130753749,-0.001103318219434865
2006,Chronic_respiratory_diseases,-3.827271914098418e-06,Chronic_respiratory_diseases,0.07125939952697236,Chronic_respiratory_diseases,3461443.0,49424521.0,0.07003493266024774,-0.0012244668667246161
2007,Chronic_respiratory_diseases,-3.6997503360829457e-06,Chronic_respiratory_diseases,0.07125939952697236,Chronic_respiratory_diseases,3467408.0,49495216.0,0.0700554170730359,-0.0012039824539364502
2008,Chronic_respiratory_diseases,-3.7844818817357436e-06,Chronic_respiratory_diseases,0.07125939952697236,Chronic_respiratory_diseases,3510195.0,50115740.0,0.07004176731701457,-0.0012176322099577835
2009,Chronic_respiratory_diseases,-3.419113580972917e-06,Chronic_respiratory_diseases,0.07125939952697236,Chronic_respiratory_diseases,3498126.0,49900666.0,0.07010178982380716,-0.0011576097031651966
2010,Chronic_respiratory_diseases,-6.967194655004656e-06,Chronic_respiratory_diseases,0.07125939952697236,Chronic_respiratory_diseases,3509920.0,50422775.0,0.06960981421589747,-0.0016495853110748832
2011,Chronic_respiratory_diseases,-2.845135976797873e-06,Chronic_respiratory_diseases,0.07125939952697236,Chronic_respiratory_diseases,3539167.0,50413303.0,0.070203037480008,-0.0010563620469643542
2012,Chronic_respiratory_diseases,-2.224546904868287e-06,Chronic_respiratory_diseases,0.07125939952697236,Chronic_respiratory_diseases,3558276.0,50597654.0,0.07032492059809729,-0.0009344789288750627
2013,Chronic_respiratory_diseases,-3.3647975954611436e-07,Chronic_respiratory_diseases,0.07125939952697236,Chronic_respiratory_diseases,3610804.0,50931550.0,0.07089523095213085,-0.0003641685748415058
2014,Chronic_respiratory_diseases,-2.785207352484732e-09,Chronic_respiratory_diseases,0.07125939952697236,Chronic_respiratory_diseases,3651653.0,51268375.0,0.07122622864485173,-3.317088212062558e-05
2015,Chronic_respiratory_diseases,-1.7805646395482655e-08,Chronic_respiratory_diseases,0.07125939952697236,Chronic_respiratory_diseases,3690907.0,51856393.0,0.07117554435380803,-8.385517316432389e-05
2016,Chronic_respiratory_diseases,1.1695657776928997e-07,Chronic_respiratory_diseases,0.07125939952697236,Chronic_respiratory_diseases,3740794.0,52337435.0,0.07147453825354644,0.00021513872657408228
2017,Chronic_respiratory_diseases,1.056108443224979e-06,Chronic_respiratory_diseases,0.07125939952697236,Chronic_respiratory_diseases,3795946.0,52789758.0,0.0719068649642228,0.000647465437250444
2018,Chronic_respiratory_diseases,4.412943634687124e-06,Chronic_respiratory_diseases,0.07125939952697236,Chronic_respiratory_diseases,3886637.0,53545244.0,0.07258603583914941,0.0013266363121770541
2019,Chronic_respiratory_diseases,8.786391370958963e-06,Chronic_respiratory_diseases,0.07125939952697236,Chronic_respiratory_diseases,3970744.0,54293423.0,0.07313489886242759,0.0018754993354552357
